label,x,y,plot_type,plot_num
Landrace_A,0.0,54164.50662700295,path,0
Landrace_A,0.17431632064120753,54164.50662700295,path,0
Landrace_A,0.20039476500977385,55285.13307327201,path,0
Landrace_A,0.23037465278985073,58701.4449227223,path,0
Landrace_A,0.2648396560930909,64695.739540108785,path,0
Landrace_A,0.3044607667992402,73846.28016352873,path,0
Landrace_A,0.35000935995551447,87120.81828796543,path,0
Landrace_A,0.40237221151469116,106416.2650809825,path,0
Landrace_A,0.46256876278908926,135311.12816170277,path,0
Landrace_A,0.5317709677384522,180098.9321669444,path,0
Landrace_A,0.6113261094943964,252321.09728598435,path,0
Landrace_A,0.70278303033152,373563.66573087475,path,0
Landrace_A,0.8079222857509605,578460.515997676,path,0
Landrace_A,0.9287908097398764,920511.059018908,path,0
Landrace_A,1.0677417660974946,1250000.0,path,0
Landrace_A,1.2274803616847734,1250000.0,path,0
Landrace_A,1.4111165135261794,1250000.0,path,0
Landrace_A,1.6222253951282757,1250000.0,path,0
Landrace_A,1.8649170407786229,1250000.0,path,0
Landrace_A,2.1439163629364115,1250000.0,path,0
Landrace_A,2.4646551405565225,1250000.0,path,0
Landrace_A,2.833377769248294,1250000.0,path,0
Landrace_A,3.257262832096545,1250000.0,path,0
Landrace_A,3.7445628579814882,1250000.0,path,0
Landrace_A,4.3047649883228365,1250000.0,path,0
Landrace_A,4.94877568023501,1250000.0,path,0
Landrace_A,5.68913304204026,1250000.0,path,0
Landrace_A,6.54025093505496,1250000.0,path,0
Landrace_A,7.518699594015326,1250000.0,path,0
Landrace_A,8.643528229482401,1250000.0,path,0
Landrace_A,9.936635892904501,1250000.0,path,0
Landrace_A,11.42319782463077,1250000.0,path,0
Landrace_A,13.13215558535544,1250000.0,path,0
Landrace_A,15.096780513258445,1250000.0,path,0
Landrace_A,17.355321476670664,1250000.0,path,0
Landrace_A,19.951749533223758,1250000.0,path,0
Landrace_A,22.936613993096632,1250000.0,path,0
Landrace_A,26.368026552873033,1250000.0,path,0
Landrace_A,30.312792659905156,1250000.0,path,0
Landrace_A,34.84771213347709,1250000.0,path,0
Landrace_A,40.06107436428743,1250000.0,path,0
Landrace_A,46.05437720197416,1250000.0,path,0
Landrace_A,52.944302995340955,1056252.438600161,path,0
Landrace_A,60.86499025639439,757891.8215234432,path,0
Landrace_A,69.97064517474108,540922.5901960505,path,0
Landrace_A,80.43854382536705,384665.3984282689,path,0
Landrace_A,92.47248351914939,273012.7520342601,path,0
Landrace_A,106.30675048971571,193716.33910214083,path,0
Landrace_A,122.2106811627093,137646.37721180642,path,0
Landrace_A,140.49390580985062,98109.31250154148,path,0
Landrace_A,161.51237667538734,70264.23081209781,path,0
Landrace_A,185.6752979352589,50648.743958105624,path,0
Landrace_A,213.45309240688553,36808.242791763005,path,0
Landrace_A,245.38656011177642,27014.393048558846,path,0
Landrace_A,282.09740699707976,20056.29784777338,path,0
Landrace_A,324.30034879753345,15088.409272569063,path,0
Landrace_A,372.8170256853536,11521.392514437019,path,0
Landrace_A,428.5919986094408,8944.725624123368,path,0
Landrace_A,492.71113875326256,7072.310351785624,path,0
Landrace_A,566.4227681318856,5704.525638192561,path,0
Landrace_A,651.1619629099839,4701.900164478982,path,0
Landrace_A,748.5784925969933,3966.9307059566063,path,0
Landrace_A,860.5689390617115,3431.5858724863247,path,0
Landrace_A,989.3136206846652,3048.7785243948333,path,0
Landrace_A,1137.3190405167713,2786.630158131556,path,0
Landrace_A,1307.4666848585512,2624.743945457115,path,0
Landrace_A,1503.0691223091342,2551.998460441469,path,0
Landrace_A,1727.9344954656074,2565.614678914115,path,0
Landrace_A,1986.4406608479999,2671.4787007572254,path,0
Landrace_A,2283.6204204644764,2885.9776490520962,path,0
Landrace_A,2625.259504372072,3240.0139203081553,path,0
Landrace_A,3018.009211834821,3786.504757085461,path,0
Landrace_A,3469.5159040661943,4596.09665226483,path,0
Landrace_A,3988.5698696227473,5728.793621064593,path,0
Landrace_A,4585.2764606779265,7240.433358967902,path,0
Landrace_A,5271.2528319920575,9162.147621300264,path,0
Landrace_A,6059.854112848006,11462.1300390474,path,0
Landrace_A,6966.433415246249,13998.215695306766,path,0
Landrace_A,8008.64074040404,16489.4034134318,path,0
Landrace_A,9206.766602906262,18698.429749495874,path,0
Landrace_A,10584.137062454061,20532.67502234028,path,0
Landrace_A,12167.567854001181,21968.026964961864,path,0
Landrace_A,13987.886457641529,23041.280765622843,path,0
Landrace_A,16080.532272316865,23837.30443112914,path,0
Landrace_A,18486.246577999707,24474.146447754036,path,0
Landrace_A,21251.865719079724,25091.27733890887,path,0
Landrace_A,24431.232951273632,25844.47489079772,path,0
Landrace_A,28086.246704613834,26909.603594625092,path,0
Landrace_A,32288.0656709267,28497.479780890837,path,0
Landrace_A,37118.49417739454,30883.077265152697,path,0
Landrace_A,42671.57481774686,34332.35371685352,path,0
Landrace_A,49055.41934768162,38942.40007841194,path,0
Landrace_A,56394.31348983338,44783.13757786647,path,0
Landrace_A,64831.13662629217,51881.85917157341,path,0
Landrace_A,74530.14348715627,60167.54543981459,path,0
Landrace_A,85680.16199122745,69405.09482507753,path,0
Landrace_A,98498.26949693264,79129.6499008613,path,0
Landrace_A,113234.01903562837,88601.79359210013,path,0
Landrace_A,130174.2978069309,96813.89693737363,path,0
Landrace_A,149648.91252509362,102579.6824797329,path,0
Landrace_A,172037.010356362,104724.91145666262,path,0
Landrace_B,0.0,91618.45086745732,path,1
Landrace_B,0.17431632064120753,91618.45086745732,path,1
Landrace_B,0.20040030046821097,91618.3983410804,path,1
Landrace_B,0.2303873801375752,91618.30098585773,path,1
Landrace_B,0.26486160351378896,91618.24913745729,path,1
Landrace_B,0.3044944083916605,91618.33313140976,path,1
Landrace_B,0.3500577037658861,91618.63570761548,path,1
Landrace_B,0.4024389039296419,91619.07378994551,path,1
Landrace_B,0.46265821221408276,91619.403281136,path,1
Landrace_B,0.5318884909957748,91619.37344437743,path,1
Landrace_B,0.611478104970621,91618.73354613438,path,1
Landrace_B,0.7029771826016668,91617.29671067452,path,1
Landrace_B,0.8081678072223368,91615.42878111465,path,1
Landrace_B,0.9290987258126295,91613.77890610654,path,1
Landrace_B,1.0681252514543285,91612.99849515487,path,1
Landrace_B,1.2279551366260875,91613.73895258924,path,1
Landrace_B,1.411701310790394,91616.65176254784,path,1
Landrace_B,1.6229425094169014,91622.3489965587,path,1
Landrace_B,1.865792975284352,91630.89977159764,path,1
Landrace_B,2.14498258959966,91641.97919847588,path,1
Landrace_B,2.465948993609251,91655.25361007985,path,1
Landrace_B,2.8349434949108026,91670.38932042787,path,1
Landrace_B,3.2591528211514116,91687.05255072968,path,1
Landrace_B,3.7468390924502026,91704.9093676097,path,1
Landrace_B,4.307500738720611,91723.62563349618,path,1
Landrace_B,4.952057496001268,91742.8669691823,path,1
Landrace_B,5.6930630848797,91762.29872857306,path,1
Landrace_B,6.54494971324373,91781.58598563152,path,1
Landrace_B,7.524309165422556,91800.3935335426,path,1
Landrace_B,8.65021595235496,91818.38589611066,path,1
Landrace_B,9.944598816624262,91835.22735141046,path,1
Landrace_B,11.432667827984238,91850.5819677042,path,1
Landrace_B,13.143405387709208,91864.11365163945,path,1
Landrace_B,15.110130704822714,91875.4862087344,path,1
Landrace_B,17.37114873823578,91884.36341615395,path,1
Landrace_B,19.970496243927165,91890.40910777143,path,1
Landrace_B,22.958799457566155,91893.28727150481,path,1
Landrace_B,26.39426011724814,91892.66215890479,path,1
Landrace_B,30.343789030631125,91888.19840696237,path,1
Landrace_B,34.88430926441311,91879.56117209268,path,1
Landrace_B,40.10425433774212,91866.41627623714,path,1
Landrace_B,46.10529059914771,91848.43036501357,path,1
Landrace_B,53.00429733289826,91825.2710778251,path,1
Landrace_B,60.93564316035827,91796.60722982789,path,1
Landrace_B,70.05380307271551,91762.10900563207,path,1
Landrace_B,80.53636706576046,91721.44816459964,path,1
Landrace_B,92.58749897444338,91674.29825757505,path,1
Landrace_B,106.4419128732598,91620.33485486955,path,1
Landrace_B,122.3694444888936,91419.97670733584,path,1
Landrace_B,140.68030666031214,90326.59033584519,path,1
Landrace_B,161.73113120437273,87484.55276498778,path,1
Landrace_B,185.9319148614372,82225.08451633212,path,1
Landrace_B,213.75400460382122,74473.1873488256,path,1
Landrace_B,245.7392778330755,65473.420826861686,path,1
Landrace_B,282.51069626436345,56508.68179443296,path,1
Landrace_B,324.78443905084566,48424.6054726138,path,1
Landrace_B,373.3838514590737,41387.9082848786,path,1
Landrace_B,429.2554807670015,34083.939730478676,path,1
Landrace_B,493.4875117080583,25768.507143770566,path,1
Landrace_B,567.3309605195194,17040.366620086563,path,1
Landrace_B,652.2240403814139,9472.225222964567,path,1
Landrace_B,749.8201727998603,4953.979077128495,path,1
Landrace_B,814.0520487172155,4953.979077128495,path,1
Landrace_A,0.0,76229.43954426241,path,2
Landrace_A,0.17431632064120753,76229.43954426241,path,2
Landrace_A,0.20039476500977385,77806.57430016148,path,2
Landrace_A,0.23037465278985073,82614.58518790737,path,2
Landrace_A,0.2648396560930909,91050.76872583256,path,2
Landrace_A,0.3044607667992402,103928.95458384903,path,2
Landrace_A,0.35000935995551447,122611.12607307073,path,2
Landrace_A,0.40237221151469116,149766.9368869098,path,2
Landrace_A,0.46256876278908926,190432.6671873758,path,2
Landrace_A,0.5317709677384522,253465.62752151027,path,2
Landrace_A,0.6113261094943964,355108.85317867756,path,2
Landrace_A,0.70278303033152,525741.8676194161,path,2
Landrace_A,0.8079222857509605,814107.3126844355,path,2
Landrace_A,0.9287908097398764,1250000.0,path,2
Landrace_A,1.0677417660974946,1250000.0,path,2
Landrace_A,1.2274803616847734,1250000.0,path,2
Landrace_A,1.4111165135261794,1250000.0,path,2
Landrace_A,1.6222253951282757,1250000.0,path,2
Landrace_A,1.8649170407786229,1250000.0,path,2
Landrace_A,2.1439163629364115,1250000.0,path,2
Landrace_A,2.4646551405565225,1250000.0,path,2
Landrace_A,2.833377769248294,1250000.0,path,2
Landrace_A,3.257262832096545,1250000.0,path,2
Landrace_A,3.7445628579814882,1250000.0,path,2
Landrace_A,4.3047649883228365,1250000.0,path,2
Landrace_A,4.94877568023501,1250000.0,path,2
Landrace_A,5.68913304204026,1250000.0,path,2
Landrace_A,6.54025093505496,1250000.0,path,2
Landrace_A,7.518699594015326,1250000.0,path,2
Landrace_A,8.643528229482401,1250000.0,path,2
Landrace_A,9.936635892904501,1250000.0,path,2
Landrace_A,11.42319782463077,1250000.0,path,2
Landrace_A,13.13215558535544,1250000.0,path,2
Landrace_A,15.096780513258445,1250000.0,path,2
Landrace_A,17.355321476670664,1250000.0,path,2
Landrace_A,19.951749533223758,1250000.0,path,2
Landrace_A,22.936613993096632,1250000.0,path,2
Landrace_A,26.368026552873033,1250000.0,path,2
Landrace_A,30.312792659905156,1250000.0,path,2
Landrace_A,34.84771213347709,1250000.0,path,2
Landrace_A,40.06107436428743,1250000.0,path,2
Landrace_A,46.05437720197416,1250000.0,path,2
Landrace_A,52.944302995340955,1250000.0,path,2
Landrace_A,60.86499025639439,1066633.3432659754,path,2
Landrace_A,69.97064517474108,761277.6051193444,path,2
Landrace_A,80.43854382536705,541366.1004278188,path,2
Landrace_A,92.47248351914939,384229.6435805251,path,2
Landrace_A,106.30675048971571,272630.34189552936,path,2
Landrace_A,122.2106811627093,193719.22396359735,path,2
Landrace_A,140.49390580985062,138075.99056643018,path,2
Landrace_A,161.51237667538734,98887.6898981048,path,2
Landrace_A,185.6752979352589,71281.46467085936,path,2
Landrace_A,213.45309240688553,51802.774424726376,path,2
Landrace_A,245.38656011177642,38019.215348920545,path,2
Landrace_A,282.09740699707976,28226.60888978465,path,2
Landrace_A,324.30034879753345,21234.95724576554,path,2
Landrace_A,372.8170256853536,16214.848963604249,path,2
Landrace_A,428.5919986094408,12588.528238604868,path,2
Landrace_A,492.71113875326256,9953.349305150576,path,2
Landrace_A,566.4227681318856,8028.371702152735,path,2
Landrace_A,651.1619629099839,6617.3078396069295,path,2
Landrace_A,748.5784925969933,5582.934716057058,path,2
Landrace_A,860.5689390617115,4829.507072021041,path,2
Landrace_A,989.3136206846652,4290.755933763799,path,2
Landrace_A,1137.3190405167713,3921.816488320181,path,2
Landrace_A,1307.4666848585512,3693.9828749338867,path,2
Landrace_A,1503.0691223091342,3591.6031451542817,path,2
Landrace_A,1727.9344954656074,3610.7661869231247,path,2
Landrace_A,1986.4406608479999,3759.7559138779848,path,2
Landrace_A,2283.6204204644764,4061.6350526274937,path,2
Landrace_A,2625.259504372072,4559.894673490269,path,2
Landrace_A,3018.009211834821,5329.008855411768,path,2
Landrace_A,3469.5159040661943,6468.403272019149,path,2
Landrace_A,3988.5698696227473,8062.5257053627,path,2
Landrace_A,4585.2764606779265,10189.960388867376,path,2
Landrace_A,5271.2528319920575,12894.521185305623,path,2
Landrace_A,6059.854112848006,16131.444801611862,path,2
Landrace_A,6966.433415246249,19700.652761802445,path,2
Landrace_A,8008.64074040404,23206.672762315997,path,2
Landrace_A,9206.766602906262,26315.58762230532,path,2
Landrace_A,10584.137062454061,28897.047287368256,path,2
Landrace_A,12167.567854001181,30917.116903958533,path,2
Landrace_A,13987.886457641529,32427.58087396263,path,2
Landrace_A,16080.532272316865,33547.87978674296,path,2
Landrace_A,18486.246577999707,34444.15140497923,path,2
Landrace_A,21251.865719079724,35312.68219917891,path,2
Landrace_A,24431.232951273632,36372.70897357537,path,2
Landrace_A,28086.246704613834,37871.73793537134,path,2
Landrace_A,32288.0656709267,40106.46542173553,path,2
Landrace_A,37118.49417739454,43463.8810159694,path,2
Landrace_A,42671.57481774686,48318.28525816169,path,2
Landrace_A,49055.41934768162,54806.32091654372,path,2
Landrace_A,56394.31348983338,63026.39294959368,path,2
Landrace_A,64831.13662629217,73016.91261398327,path,2
Landrace_A,74530.14348715627,84677.92939047013,path,2
Landrace_A,85680.16199122745,97678.56866980928,path,2
Landrace_A,98498.26949693264,111364.60458903514,path,2
Landrace_A,113234.01903562837,124695.40458760626,path,2
Landrace_A,130174.2978069309,136252.86305022388,path,2
Landrace_A,149648.91252509362,144367.45003341517,path,2
Landrace_A,172037.010356362,147386.57847727955,path,2
Wild,0.0,49213.63420543289,path,3
Wild,0.17431632064120753,49213.63420543289,path,3
Wild,0.2016712091918136,49213.521813772844,path,3
Wild,0.23331881069588067,49213.32111699762,path,3
Wild,0.2699327665198026,49213.236830692294,path,3
Wild,0.31229243036048393,49213.47366974879,path,3
Wild,0.36129945733469543,49214.191039129866,path,3
Wild,0.4179969963398231,49215.090080539376,path,3
Wild,0.4835918942088467,49215.60584987126,path,3
Wild,0.5594803842905511,49215.17010994021,path,3
Wild,0.6472778062543815,49213.21589662627,path,3
Wild,0.7488529897268105,49209.69345034245,path,3
Wild,0.8663680336390138,49205.87193697103,path,3
Wild,1.0023243280171121,49203.22741908434,path,3
Wild,1.1596157978210468,49203.23570004407,path,3
Wild,1.3415905021644703,49207.37289840225,path,3
Wild,1.5521219000982176,49216.51035518258,path,3
Wild,1.7956912998994712,49184.62910763375,path,3
Wild,2.0774832468574855,49055.48963326016,path,3
Wild,2.4034958799517163,48833.45340287469,path,3
Wild,2.780668606441549,48525.65889013497,path,3
Wild,3.21702981201071,48139.568812070276,path,3
Wild,3.721867750580232,47682.85754910556,path,3
Wild,4.305928251299351,47163.306695313,path,3
Wild,4.981643451046146,46588.70996587579,path,3
Wild,5.763396421169421,45966.7883261418,path,3
Wild,6.667827321237327,45305.115869971516,path,3
Wild,7.714187596489807,44611.05667140463,path,3
Wild,8.924749758335729,43891.712567784554,path,3
Wild,10.325281470359553,43153.881607144685,path,3
Wild,11.945594031090353,42404.026708808604,path,3
Wild,13.820176928373096,41648.25394320248,path,3
Wild,15.988931972276513,40892.299732999054,path,3
Wild,18.49802263307065,40141.52621015793,path,3
Wild,21.400856663027923,39400.923928797194,path,3
Wild,24.7592229178411,38675.121128334606,path,3
Wild,28.644606575698404,37968.39876102963,path,3
Wild,33.13971074937471,37284.71053902645,path,3
Wild,38.34021687991872,36627.7073145339,path,3
Wild,44.35682138314798,36000.76517949841,path,3
Wild,51.31759190039998,35407.01675507097,path,3
Wild,59.37069330798602,34849.38523388066,path,3
Wild,68.6875415103698,34330.620837692506,path,3
Wild,79.4664521477661,33853.33945811605,path,3
Wild,91.93686188345873,33420.063357919935,path,3
Wild,106.36421212389264,33033.26392509849,path,3
Wild,123.05559912494618,32695.406591679406,path,3
Wild,142.36631075085012,32408.998155582773,path,3
Wild,164.70738902524934,32176.636878586804,path,3
Wild,190.55437944860026,32001.06587935746,path,3
Wild,220.45745331725635,31885.23050116479,path,3
Wild,255.05311850489366,31832.340513958854,path,3
Wild,295.07776797845867,31845.938215722843,path,3
Wild,341.38335443829743,31929.973735701707,path,3
Wild,394.9555247281522,32088.889121222794,path,3
Wild,456.93460001865503,32327.713121556964,path,3
Wild,528.6398483422093,32652.168980529685,path,3
Wild,611.597566137178,33068.79803174463,path,3
Wild,707.5735665367042,33585.102478092376,path,3
Wild,818.6107659381639,34209.71145805062,path,3
Wild,947.0726689096932,34952.57538971652,path,3
Wild,1095.693677040504,35825.19468338906,path,3
Wild,1267.6372925940866,36840.89028066317,path,3
Wild,1466.5634558698523,38015.12518376664,path,3
Wild,1696.7064495960974,39365.88827482488,path,3
Wild,1962.9650286038989,40914.15440880919,path,3
Wild,2271.0066932551395,42684.438148582056,path,3
Wild,2627.388326157677,44705.46279355972,path,3
Wild,3039.6957600045603,47010.17302576462,path,3
Wild,3516.705247336628,49507.345532699605,path,3
Wild,4068.5702692253712,51801.449929159215,path,3
Wild,4707.037659229824,53390.505329584805,path,3
Wild,5445.697642977207,53739.218329759766,path,3
Wild,6300.273115635071,52369.59488449888,path,3
Wild,7288.954314748428,48987.242840599,path,3
Wild,8432.78601218773,43846.361388518584,path,3
Wild,9756.115466859424,38490.8032767228,path,3
Wild,11287.110673166548,34270.39986532305,path,3
Wild,13058.359936500521,32002.77585185583,path,3
Wild,13262.114898207174,32002.77585185583,path,3
Landrace_A,0.0,64307.145905149926,path,4
Landrace_A,0.17431632064120753,64307.145905149926,path,4
Landrace_A,0.20039476500977385,65637.6165929318,path,4
Landrace_A,0.23037465278985073,69693.65399161026,path,4
Landrace_A,0.2648396560930909,76810.41739560949,path,4
Landrace_A,0.3044607667992402,87674.45341523987,path,4
Landrace_A,0.35000935995551447,103434.73100569526,path,4
Landrace_A,0.40237221151469116,126343.36969723656,path,4
Landrace_A,0.46256876278908926,160648.97482047894,path,4
Landrace_A,0.5317709677384522,213823.5724729656,path,4
Landrace_A,0.6113261094943964,299569.78524434776,path,4
Landrace_A,0.70278303033152,443515.7754218661,path,4
Landrace_A,0.8079222857509605,686780.829719323,path,4
Landrace_A,0.9287908097398764,1092882.4550600068,path,4
Landrace_A,1.0677417660974946,1250000.0,path,4
Landrace_A,1.2274803616847734,1250000.0,path,4
Landrace_A,1.4111165135261794,1250000.0,path,4
Landrace_A,1.6222253951282757,1250000.0,path,4
Landrace_A,1.8649170407786229,1250000.0,path,4
Landrace_A,2.1439163629364115,1250000.0,path,4
Landrace_A,2.4646551405565225,1250000.0,path,4
Landrace_A,2.833377769248294,1250000.0,path,4
Landrace_A,3.257262832096545,1250000.0,path,4
Landrace_A,3.7445628579814882,1250000.0,path,4
Landrace_A,4.3047649883228365,1250000.0,path,4
Landrace_A,4.94877568023501,1250000.0,path,4
Landrace_A,5.68913304204026,1250000.0,path,4
Landrace_A,6.54025093505496,1250000.0,path,4
Landrace_A,7.518699594015326,1250000.0,path,4
Landrace_A,8.643528229482401,1250000.0,path,4
Landrace_A,9.936635892904501,1250000.0,path,4
Landrace_A,11.42319782463077,1250000.0,path,4
Landrace_A,13.13215558535544,1250000.0,path,4
Landrace_A,15.096780513258445,1250000.0,path,4
Landrace_A,17.355321476670664,1250000.0,path,4
Landrace_A,19.951749533223758,1250000.0,path,4
Landrace_A,22.936613993096632,1250000.0,path,4
Landrace_A,26.368026552873033,1250000.0,path,4
Landrace_A,30.312792659905156,1250000.0,path,4
Landrace_A,34.84771213347709,1250000.0,path,4
Landrace_A,40.06107436428743,1250000.0,path,4
Landrace_A,46.05437720197416,1250000.0,path,4
Landrace_A,52.944302995340955,1250000.0,path,4
Landrace_A,60.86499025639439,899811.7583282912,path,4
Landrace_A,69.97064517474108,642213.6948587542,path,4
Landrace_A,80.43854382536705,456696.37631402636,path,4
Landrace_A,92.47248351914939,324136.08047674986,path,4
Landrace_A,106.30675048971571,229990.9231822013,path,4
Landrace_A,122.2106811627093,163421.513716181,path,4
Landrace_A,140.49390580985062,116480.88880671628,path,4
Landrace_A,161.51237667538734,83421.64314100987,path,4
Landrace_A,185.6752979352589,60133.034905236455,path,4
Landrace_A,213.45309240688553,43700.814188567456,path,4
Landrace_A,245.38656011177642,32073.00543279897,path,4
Landrace_A,282.09740699707976,23811.963817850305,path,4
Landrace_A,324.30034879753345,17913.80734342349,path,4
Landrace_A,372.8170256853536,13678.84460867653,path,4
Landrace_A,428.5919986094408,10619.6808872117,path,4
Landrace_A,492.71113875326256,8396.64426024784,path,4
Landrace_A,566.4227681318856,6772.733389064671,path,4
Landrace_A,651.1619629099839,5582.360086667128,path,4
Landrace_A,748.5784925969933,4709.763045757964,path,4
Landrace_A,860.5689390617115,4074.171577111987,path,4
Landrace_A,989.3136206846652,3619.681182566226,path,4
Landrace_A,1137.3190405167713,3308.443911373491,path,4
Landrace_A,1307.4666848585512,3116.243502899771,path,4
Landrace_A,1503.0691223091342,3029.8759753405,path,4
Landrace_A,1727.9344954656074,3046.041915040213,path,4
Landrace_A,1986.4406608479999,3171.7296305335344,path,4
Landrace_A,2283.6204204644764,3426.39483517555,path,4
Landrace_A,2625.259504372072,3846.7265905843283,path,4
Landrace_A,3018.009211834821,4495.551220677894,path,4
Landrace_A,3469.5159040661943,5456.744211605489,path,4
Landrace_A,3988.5698696227473,6801.545702008317,path,4
Landrace_A,4585.2764606779265,8596.249341622166,path,4
Landrace_A,5271.2528319920575,10877.816499739794,path,4
Landrace_A,6059.854112848006,13608.484867788919,path,4
Landrace_A,6966.433415246249,16619.468267824606,path,4
Landrace_A,8008.64074040404,19577.146312781046,path,4
Landrace_A,9206.766602906262,22199.82650960889,path,4
Landrace_A,10584.137062454061,24377.5455683076,path,4
Landrace_A,12167.567854001181,26081.676050563103,path,4
Landrace_A,13987.886457641529,27355.90327149295,path,4
Landrace_A,16080.532272316865,28300.98729772031,path,4
Landrace_A,18486.246577999707,29057.081925585142,path,4
Landrace_A,21251.865719079724,29789.774397675068,path,4
Landrace_A,24431.232951273632,30684.012855310546,path,4
Landrace_A,28086.246704613834,31948.59350471025,path,4
Landrace_A,32288.0656709267,33833.80933973455,path,4
Landrace_A,37118.49417739454,36666.12472567226,path,4
Landrace_A,42671.57481774686,40761.29955250509,path,4
Landrace_A,49055.41934768162,46234.60564285259,path,4
Landrace_A,56394.31348983338,53169.05740768883,path,4
Landrace_A,64831.13662629217,61597.05857845865,path,4
Landrace_A,74530.14348715627,71434.29090931584,path,4
Landrace_A,85680.16199122745,82401.62862024379,path,4
Landrace_A,98498.26949693264,93947.166853012,path,4
Landrace_A,113234.01903562837,105193.02810642862,path,4
Landrace_A,130174.2978069309,114942.89865633231,path,4
Landrace_A,149648.91252509362,121788.36324596909,path,4
Landrace_A,172037.010356362,124335.29963310127,path,4
Early_Cultivar,0.0,243001.91926117058,path,5
Early_Cultivar,0.13329962582312258,243001.91926117058,path,5
Early_Cultivar,0.15374143092933779,249956.30614882716,path,5
Early_Cultivar,0.17731803400231555,271477.48978291644,path,5
Early_Cultivar,0.20451016354139057,310369.2772043868,path,5
Early_Cultivar,0.23587226887018237,372356.3023012247,path,5
Early_Cultivar,0.2720438253950527,467768.33671158535,path,5
Early_Cultivar,0.31376237355102404,617944.4501615578,path,5
Early_Cultivar,0.36187855730013824,864511.7125657436,path,5
Early_Cultivar,0.4173734688182221,1250000.0,path,5
Early_Cultivar,0.48137865302937793,1250000.0,path,5
Early_Cultivar,0.5551991798819904,1250000.0,path,5
Early_Cultivar,0.6403402548114714,1250000.0,path,5
Early_Cultivar,0.7385379099788553,1250000.0,path,5
Early_Cultivar,0.8517944020816308,1250000.0,path,5
Early_Cultivar,0.9824190385005095,1250000.0,path,5
Early_Cultivar,1.1330752642299835,1250000.0,path,5
Early_Cultivar,1.3068349696983022,1250000.0,path,5
Early_Cultivar,1.507241126816904,1250000.0,path,5
Early_Cultivar,1.7383800304125274,1250000.0,path,5
Early_Cultivar,2.0049646180495735,1250000.0,path,5
Early_Cultivar,2.3124305671394136,1250000.0,path,5
Early_Cultivar,2.6670471287630924,1250000.0,path,5
Early_Cultivar,3.0760449581164093,1250000.0,path,5
Early_Cultivar,3.5477635480486005,1250000.0,path,5
Early_Cultivar,4.09182127187429,1250000.0,path,5
Early_Cultivar,4.7193115026429,1250000.0,path,5
Early_Cultivar,5.443028807750387,1250000.0,path,5
Early_Cultivar,6.277729831016486,1250000.0,path,5
Early_Cultivar,7.240434181630299,1250000.0,path,5
Early_Cultivar,8.3507714651097,1250000.0,path,5
Early_Cultivar,9.63138153225893,1250000.0,path,5
Early_Cultivar,11.10837610722711,1250000.0,path,5
Early_Cultivar,12.811871207294265,1250000.0,path,5
Early_Cultivar,14.776601210459903,1250000.0,path,5
Early_Cultivar,17.042627091712518,1250000.0,path,5
Early_Cultivar,19.656153268965017,1250000.0,path,5
Early_Cultivar,22.670469714198294,1250000.0,path,5
Early_Cultivar,26.147038539522104,1250000.0,path,5
Early_Cultivar,30.156747213714787,1250000.0,path,5
Early_Cultivar,34.78135396241002,1250000.0,path,5
Early_Cultivar,40.11515482373657,1250000.0,path,5
Early_Cultivar,46.2669063507857,1250000.0,path,5
Early_Cultivar,53.36204316493738,998986.8565873648,path,5
Early_Cultivar,61.54523557610382,642358.3913091117,path,5
Early_Cultivar,70.98333941993761,413290.17208056897,path,5
Early_Cultivar,81.8687982593802,266666.2045179027,path,5
Early_Cultivar,94.42356732166527,172938.33892987386,path,5
Early_Cultivar,108.90363918011349,112979.63455100878,path,5
Early_Cultivar,125.60426345967034,74519.47787031523,path,5
Early_Cultivar,144.86596699632747,49736.51747952607,path,5
Early_Cultivar,167.08149720187927,33666.04125336513,path,5
Early_Cultivar,192.70383020968157,23163.011075017075,path,5
Early_Cultivar,222.25540708803334,16235.267187635438,path,5
Early_Cultivar,256.33878644818765,11618.779354583103,path,5
Early_Cultivar,295.6489306543739,8508.899293094126,path,5
Early_Cultivar,340.98737615246586,6391.065296749389,path,5
Early_Cultivar,393.27857685124013,4934.4107059613525,path,5
Early_Cultivar,453.5887537988507,3924.9549743637435,path,5
Early_Cultivar,523.1476355006689,3223.640367901439,path,5
Early_Cultivar,603.3735321650169,2739.9724149574117,path,5
Early_Cultivar,695.9022551423207,2415.5090588528196,path,5
Early_Cultivar,802.6204712269715,2213.651256928097,path,5
Early_Cultivar,925.704171918309,2113.6007891446075,path,5
Early_Cultivar,1067.6630420315212,2107.293985129551,path,5
Early_Cultivar,1231.3916323373733,2198.8260541232753,path,5
Early_Cultivar,1420.2283796442694,2405.097560131266,path,5
Early_Cultivar,1638.0236777460625,2719.754507940394,path,5
Early_Cultivar,1889.2183872066994,3084.745391656108,path,5
Early_Cultivar,1926.818392534442,3084.745391656108,path,5
Landrace_A,0.0,63354.512504771876,path,6
Landrace_A,0.17431632064120753,63354.512504771876,path,6
Landrace_A,0.20039476500977385,64665.27386169222,path,6
Landrace_A,0.23037465278985073,68661.22592079017,path,6
Landrace_A,0.2648396560930909,75672.56299267952,path,6
Landrace_A,0.3044607667992402,86375.66132133424,path,6
Landrace_A,0.35000935995551447,101902.46926202407,path,6
Landrace_A,0.40237221151469116,124471.74388962537,path,6
Landrace_A,0.46256876278908926,158269.15253173668,path,6
Landrace_A,0.5317709677384522,210656.03216218366,path,6
Landrace_A,0.6113261094943964,295132.01741697814,path,6
Landrace_A,0.70278303033152,436945.6200322208,path,6
Landrace_A,0.8079222857509605,676606.9937027945,path,6
Landrace_A,0.9287908097398764,1076692.7095080435,path,6
Landrace_A,1.0677417660974946,1250000.0,path,6
Landrace_A,1.2274803616847734,1250000.0,path,6
Landrace_A,1.4111165135261794,1250000.0,path,6
Landrace_A,1.6222253951282757,1250000.0,path,6
Landrace_A,1.8649170407786229,1250000.0,path,6
Landrace_A,2.1439163629364115,1250000.0,path,6
Landrace_A,2.4646551405565225,1250000.0,path,6
Landrace_A,2.833377769248294,1250000.0,path,6
Landrace_A,3.257262832096545,1250000.0,path,6
Landrace_A,3.7445628579814882,1250000.0,path,6
Landrace_A,4.3047649883228365,1250000.0,path,6
Landrace_A,4.94877568023501,1250000.0,path,6
Landrace_A,5.68913304204026,1250000.0,path,6
Landrace_A,6.54025093505496,1250000.0,path,6
Landrace_A,7.518699594015326,1250000.0,path,6
Landrace_A,8.643528229482401,1250000.0,path,6
Landrace_A,9.936635892904501,1250000.0,path,6
Landrace_A,11.42319782463077,1250000.0,path,6
Landrace_A,13.13215558535544,1250000.0,path,6
Landrace_A,15.096780513258445,1250000.0,path,6
Landrace_A,17.355321476670664,1250000.0,path,6
Landrace_A,19.951749533223758,1250000.0,path,6
Landrace_A,22.936613993096632,1250000.0,path,6
Landrace_A,26.368026552873033,1250000.0,path,6
Landrace_A,30.312792659905156,1250000.0,path,6
Landrace_A,34.84771213347709,1250000.0,path,6
Landrace_A,40.06107436428743,1250000.0,path,6
Landrace_A,46.05437720197416,1250000.0,path,6
Landrace_A,52.944302995340955,1235465.1135348582,path,6
Landrace_A,60.86499025639439,886482.1240711487,path,6
Landrace_A,69.97064517474108,632700.0676048723,path,6
Landrace_A,80.43854382536705,449930.9660974071,path,6
Landrace_A,92.47248351914939,319334.39238775906,path,6
Landrace_A,106.30675048971571,226583.88292060603,path,6
Landrace_A,122.2106811627093,161000.61958202082,path,6
Landrace_A,140.49390580985062,114755.36384955746,path,6
Landrace_A,161.51237667538734,82185.8513413279,path,6
Landrace_A,185.6752979352589,59242.23596352452,path,6
Landrace_A,213.45309240688553,43053.438929818774,path,6
Landrace_A,245.38656011177642,31597.882243987984,path,6
Landrace_A,282.09740699707976,23459.218073311524,path,6
Landrace_A,324.30034879753345,17648.435727826498,path,6
Landrace_A,372.8170256853536,13476.208897366541,path,6
Landrace_A,428.5919986094408,10462.363025065613,path,6
Landrace_A,492.71113875326256,8272.258025081983,path,6
Landrace_A,566.4227681318856,6672.403449872631,path,6
Landrace_A,651.1619629099839,5499.664103248129,path,6
Landrace_A,748.5784925969933,4639.993543129546,path,6
Landrace_A,860.5689390617115,4013.8176013819552,path,6
Landrace_A,989.3136206846652,3566.059938073153,path,6
Landrace_A,1137.3190405167713,3259.4332745478446,path,6
Landrace_A,1307.4666848585512,3070.0800850899973,path,6
Landrace_A,1503.0691223091342,2984.9919890822844,path,6
Landrace_A,1727.9344954656074,3000.918449733601,path,6
Landrace_A,1986.4406608479999,3124.744252151622,path,6
Landrace_A,2283.6204204644764,3375.6368965837046,path,6
Landrace_A,2625.259504372072,3789.7419401114676,path,6
Landrace_A,3018.009211834821,4428.955009857953,path,6
Landrace_A,3469.5159040661943,5375.909077031763,path,6
Landrace_A,3988.5698696227473,6700.788942884102,path,6
Landrace_A,4585.2764606779265,8468.906196073682,path,6
Landrace_A,5271.2528319920575,10716.674667444522,path,6
Landrace_A,6059.854112848006,13406.891451829893,path,6
Landrace_A,6966.433415246249,16373.270736498862,path,6
Landrace_A,8008.64074040404,19287.134321125395,path,6
Landrace_A,9206.766602906262,21870.96264980015,path,6
Landrace_A,10584.137062454061,24016.421407054037,path,6
Landrace_A,12167.567854001181,25695.30723580878,path,6
Landrace_A,13987.886457641529,26950.65830552335,path,6
Landrace_A,16080.532272316865,27881.74204302888,path,6
Landrace_A,18486.246577999707,28626.636033916104,path,6
Landrace_A,21251.865719079724,29348.474543957265,path,6
Landrace_A,24431.232951273632,30229.465929114936,path,6
Landrace_A,28086.246704613834,31475.31332971105,path,6
Landrace_A,32288.0656709267,33332.601948465875,path,6
Landrace_A,37118.49417739454,36122.95997182636,path,6
Landrace_A,42671.57481774686,40157.46968492234,path,6
Landrace_A,49055.41934768162,45549.69529628469,path,6
Landrace_A,56394.31348983338,52381.42145774493,path,6
Landrace_A,64831.13662629217,60684.57187824909,path,6
Landrace_A,74530.14348715627,70376.07738584661,path,6
Landrace_A,85680.16199122745,81180.94711487918,path,6
Landrace_A,98498.26949693264,92555.45201704219,path,6
Landrace_A,113234.01903562837,103634.71929563332,path,6
Landrace_A,130174.2978069309,113240.15718250285,path,6
Landrace_A,149648.91252509362,119984.21440725976,path,6
Landrace_A,172037.010356362,122493.42098012526,path,6
Improved_Cultivar,0.0,19995.635159765385,path,7
Improved_Cultivar,0.13735368967243114,19995.635159765385,path,7
Improved_Cultivar,0.1583986423445493,20761.839248451,path,7
Improved_Cultivar,0.18266804449471186,23162.849603855637,path,7
Improved_Cultivar,0.21065593735923954,27625.828758822598,path,7
Improved_Cultivar,0.24293205780710372,35045.938622052076,path,7
Improved_Cultivar,0.2801534362155275,47109.2443962753,path,7
Improved_Cultivar,0.32307777134003507,67580.872839497,path,7
Improved_Cultivar,0.3725788544451163,104796.9105793893,path,7
Improved_Cultivar,0.4296643566775565,177935.27485087878,path,7
Improved_Cultivar,0.49549634177194973,335041.0007409153,path,7
Improved_Cultivar,0.5714149216562391,697677.8746835281,path,7
Improved_Cultivar,0.658965536503766,1250000.0,path,7
Improved_Cultivar,0.7599304145594756,1250000.0,path,7
Improved_Cultivar,0.8763648521537447,1250000.0,path,7
Improved_Cultivar,1.0106390524396467,1250000.0,path,7
Improved_Cultivar,1.165486374545881,1250000.0,path,7
Improved_Cultivar,1.3440589753315726,1250000.0,path,7
Improved_Cultivar,1.5499919764169166,1250000.0,path,7
Improved_Cultivar,1.7874774627089098,1250000.0,path,7
Improved_Cultivar,2.0613498187766606,1250000.0,path,7
Improved_Cultivar,2.3771841402302134,1250000.0,path,7
Improved_Cultivar,2.7414097234188706,1250000.0,path,7
Improved_Cultivar,3.1614409437073405,1250000.0,path,7
Improved_Cultivar,3.645828186559627,1250000.0,path,7
Improved_Cultivar,4.204431903866413,1250000.0,path,7
Improved_Cultivar,4.848623338701759,1250000.0,path,7
Improved_Cultivar,5.591516004572297,1250000.0,path,7
Improved_Cultivar,6.448232631277044,1250000.0,path,7
Improved_Cultivar,7.43621301147408,1250000.0,path,7
Improved_Cultivar,8.5755690146472,1250000.0,path,7
Improved_Cultivar,9.889493995331257,1250000.0,path,7
Improved_Cultivar,11.404734929734188,1250000.0,path,7
Improved_Cultivar,13.152136891827125,1250000.0,path,7
Improved_Cultivar,15.167270952556166,1250000.0,path,7
Improved_Cultivar,17.491158284035738,1250000.0,path,7
Improved_Cultivar,20.171105208984944,1250000.0,path,7
Improved_Cultivar,23.261666194130505,1250000.0,path,7
Improved_Cultivar,26.825754390796902,1250000.0,path,7
Improved_Cultivar,30.935922329456236,1250000.0,path,7
Improved_Cultivar,35.67583883875703,1250000.0,path,7
Improved_Cultivar,41.14199225400418,1250000.0,path,7
Improved_Cultivar,47.44565458653459,1250000.0,path,7
Improved_Cultivar,54.71514663769501,1250000.0,path,7
Improved_Cultivar,63.09845016732289,1250000.0,path,7
Improved_Cultivar,72.76622029146142,1100122.377422165,path,7
Improved_Cultivar,83.91525943132594,662806.7196780903,path,7
Improved_Cultivar,96.77252353112848,400583.6677329748,path,7
Improved_Cultivar,111.59974209752441,243543.16389297458,path,7
Improved_Cultivar,128.6987461087316,149365.72641782172,path,7
Improved_Cultivar,148.41761225115934,92668.94332396546,path,7
Improved_Cultivar,171.15774855898925,58323.2407641607,path,7
Improved_Cultivar,197.3820656958677,37341.28021996407,path,7
Improved_Cultivar,227.62440021779375,24388.93380422637,path,7
Improved_Cultivar,262.50038164229767,16295.527366576707,path,7
Improved_Cultivar,302.71996453992375,11169.454304944133,path,7
Improved_Cultivar,349.10188075812874,7875.884882459279,path,7
Improved_Cultivar,402.59030597497906,5729.102193727137,path,7
Improved_Cultivar,464.27407985613706,4311.312680344079,path,7
Improved_Cultivar,535.4088710711763,3365.767821516026,path,7
Improved_Cultivar,617.4427383724257,2733.546111164112,path,7
Improved_Cultivar,712.0456080716655,2316.0728170778093,path,7
Improved_Cultivar,821.1432679743218,2052.945910272255,path,7
Improved_Cultivar,946.9565697702949,1909.054093016833,path,7
Improved_Cultivar,1092.046637906756,1867.6277949311482,path,7
Improved_Cultivar,1259.3670052394612,1927.568087331737,path,7
Improved_Cultivar,1452.3237367644624,2104.710502706317,path,7
Improved_Cultivar,1674.8447653418038,2428.964448983406,path,7
Improved_Cultivar,1931.4598508471308,2876.879021742039,path,7
Improved_Cultivar,2166.1136219537725,2876.879021742039,path,7
Early_Cultivar,0.0,220492.1904356413,path,8
Early_Cultivar,0.13329962582312258,220492.1904356413,path,8
Early_Cultivar,0.15374143092933779,226802.37677688393,path,8
Early_Cultivar,0.17731803400231555,246330.0162894041,path,8
Early_Cultivar,0.20451016354139057,281619.2013677452,path,8
Early_Cultivar,0.23587226887018237,337864.2421509834,path,8
Early_Cultivar,0.2720438253950527,424437.9845952587,path,8
Early_Cultivar,0.31376237355102404,560702.9992704437,path,8
Early_Cultivar,0.36187855730013824,784430.8890270552,path,8
Early_Cultivar,0.4173734688182221,1170417.6385665408,path,8
Early_Cultivar,0.48137865302937793,1250000.0,path,8
Early_Cultivar,0.5551991798819904,1250000.0,path,8
Early_Cultivar,0.6403402548114714,1250000.0,path,8
Early_Cultivar,0.7385379099788553,1250000.0,path,8
Early_Cultivar,0.8517944020816308,1250000.0,path,8
Early_Cultivar,0.9824190385005095,1250000.0,path,8
Early_Cultivar,1.1330752642299835,1250000.0,path,8
Early_Cultivar,1.3068349696983022,1250000.0,path,8
Early_Cultivar,1.507241126816904,1250000.0,path,8
Early_Cultivar,1.7383800304125274,1250000.0,path,8
Early_Cultivar,2.0049646180495735,1250000.0,path,8
Early_Cultivar,2.3124305671394136,1250000.0,path,8
Early_Cultivar,2.6670471287630924,1250000.0,path,8
Early_Cultivar,3.0760449581164093,1250000.0,path,8
Early_Cultivar,3.5477635480486005,1250000.0,path,8
Early_Cultivar,4.09182127187429,1250000.0,path,8
Early_Cultivar,4.7193115026429,1250000.0,path,8
Early_Cultivar,5.443028807750387,1250000.0,path,8
Early_Cultivar,6.277729831016486,1250000.0,path,8
Early_Cultivar,7.240434181630299,1250000.0,path,8
Early_Cultivar,8.3507714651097,1250000.0,path,8
Early_Cultivar,9.63138153225893,1250000.0,path,8
Early_Cultivar,11.10837610722711,1250000.0,path,8
Early_Cultivar,12.811871207294265,1250000.0,path,8
Early_Cultivar,14.776601210459903,1250000.0,path,8
Early_Cultivar,17.042627091712518,1250000.0,path,8
Early_Cultivar,19.656153268965017,1250000.0,path,8
Early_Cultivar,22.670469714198294,1250000.0,path,8
Early_Cultivar,26.147038539522104,1250000.0,path,8
Early_Cultivar,30.156747213714787,1250000.0,path,8
Early_Cultivar,34.78135396241002,1250000.0,path,8
Early_Cultivar,40.11515482373657,1250000.0,path,8
Early_Cultivar,46.2669063507857,1250000.0,path,8
Early_Cultivar,53.36204316493738,934752.7184591291,path,8
Early_Cultivar,61.54523557610382,601622.2780129493,path,8
Early_Cultivar,70.98333941993761,387395.05908732547,path,8
Early_Cultivar,81.8687982593802,250125.02173210296,path,8
Early_Cultivar,94.42356732166527,162294.19857667337,path,8
Early_Cultivar,108.90363918011349,106062.42339815162,path,8
Early_Cultivar,125.60426345967034,69968.52040605004,path,8
Early_Cultivar,144.86596699632747,46697.79001752439,path,8
Early_Cultivar,167.08149720187927,31601.839220883146,path,8
Early_Cultivar,192.70383020968157,21733.050225093728,path,8
Early_Cultivar,222.25540708803334,15222.682911638596,path,8
Early_Cultivar,256.33878644818765,10884.132281706341,path,8
Early_Cultivar,295.6489306543739,7961.564434146747,path,8
Early_Cultivar,340.98737615246586,5971.382754368487,path,8
Early_Cultivar,393.27857685124013,4602.493639382977,path,8
Early_Cultivar,453.5887537988507,3653.618321446507,path,8
Early_Cultivar,523.1476355006689,2993.882471812863,path,8
Early_Cultivar,603.3735321650169,2538.0361898521364,path,8
Early_Cultivar,695.9022551423207,2230.9111010370557,path,8
Early_Cultivar,802.6204712269715,2037.7833518273244,path,8
Early_Cultivar,925.704171918309,1938.630075866492,path,8
Early_Cultivar,1067.6630420315212,1925.1429049411433,path,8
Early_Cultivar,1231.3916323373733,2000.0091870543629,path,8
Early_Cultivar,1420.2283796442694,2178.1440668241485,path,8
Early_Cultivar,1638.0236777460625,2479.2765278200445,path,8
Early_Cultivar,1889.2183872066994,2925.002467050497,path,8
Early_Cultivar,2178.934384801485,3546.154945513047,path,8
Early_Cultivar,2513.0789989240056,4380.126812764946,path,8
Early_Cultivar,2898.4654604035986,5464.877974323796,path,8
Early_Cultivar,3342.951824733581,6828.202060207085,path,8
Early_Cultivar,3855.6011983435833,8470.941307326211,path,8
Early_Cultivar,4446.866535940337,10344.838062212428,path,8
Early_Cultivar,5128.803776947015,12330.542447228805,path,8
Early_Cultivar,5915.317666907138,14288.26366952156,path,8
Early_Cultivar,6822.445276167781,16145.829152036711,path,8
Early_Cultivar,7868.682996806971,17858.12149856518,path,8
Early_Cultivar,9075.363685294084,19405.132773241265,path,8
Early_Cultivar,10467.091640847164,20792.838906643552,path,8
Early_Cultivar,12072.24428872489,22051.502440590368,path,8
Early_Cultivar,13923.550797808335,23232.754681933162,path,8
Early_Cultivar,16058.759430523896,24406.879404468502,path,8
Early_Cultivar,18521.407232416135,25661.59999811499,path,8
Early_Cultivar,21361.70775539195,27103.541045999107,path,8
Early_Cultivar,24637.574915372395,28863.571364989984,path,8
Early_Cultivar,28415.803860876797,31107.61584447306,path,8
Early_Cultivar,32773.43293052811,34048.619836455546,path,8
Early_Cultivar,37799.31446988394,37835.786010013864,path,8
Early_Cultivar,43595.92653665156,42523.76397117696,path,8
Early_Cultivar,50281.46243507658,48149.11212331447,path,8
Early_Cultivar,57992.24068525097,54710.97677613465,path,8
Early_Cultivar,66885.48456677287,62142.99932184911,path,8
Early_Cultivar,77142.52791183804,70281.89533509781,path,8
Early_Cultivar,88972.51251409805,78837.0176422924,path,8
Early_Cultivar,102616.65254369467,87368.38983175356,path,8
Early_Cultivar,118353.15292017617,95283.53380725026,path,8
Early_Cultivar,136502.88192924787,101864.46611492289,path,8
Early_Cultivar,157435.91374838454,106333.6840216093,path,8
Early_Cultivar,181579.07428383688,107960.34232702282,path,8
Improved_Cultivar,0.0,18416.215732024033,path,9
Improved_Cultivar,0.13329962582312258,18416.215732024033,path,9
Improved_Cultivar,0.15376995359917267,18895.004687832723,path,9
Improved_Cultivar,0.1773838334795243,20785.505988074692,path,9
Improved_Cultivar,0.2046240090694868,24445.109518079193,path,9
Improved_Cultivar,0.23604735711443828,30622.37714193296,path,9
Improved_Cultivar,0.27229627185043703,40707.130437326516,path,9
Improved_Cultivar,0.31411179760720875,57633.78269775605,path,9
Improved_Cultivar,0.36234877813614075,88006.38009927387,path,9
Improved_Cultivar,0.4179933323642239,146824.39664697633,path,9
Improved_Cultivar,0.4821830138345443,271119.70412164845,path,9
Improved_Cultivar,0.5562300659570613,556256.025409095,path,9
Improved_Cultivar,0.6416482484817706,1229665.5812529256,path,9
Improved_Cultivar,0.7401837836135722,1250000.0,path,9
Improved_Cultivar,0.853851054406903,1250000.0,path,9
Improved_Cultivar,0.9849737852300785,1250000.0,path,9
Improved_Cultivar,1.136232546160365,1250000.0,path,9
Improved_Cultivar,1.310719552452351,1250000.0,path,9
Improved_Cultivar,1.51200187935685,1250000.0,path,9
Improved_Cultivar,1.744194384604448,1250000.0,path,9
Improved_Cultivar,2.0120438293236376,1250000.0,path,9
Improved_Cultivar,2.321025917095476,1250000.0,path,9
Improved_Cultivar,2.6774572349350056,1250000.0,path,9
Improved_Cultivar,3.0886243846328014,1250000.0,path,9
Improved_Cultivar,3.5629329443164464,1250000.0,path,9
Improved_Cultivar,4.110079305484949,1250000.0,path,9
Improved_Cultivar,4.741248898417464,1250000.0,path,9
Improved_Cultivar,5.469344858320794,1250000.0,path,9
Improved_Cultivar,6.309251806886733,1250000.0,path,9
Improved_Cultivar,7.278140141802109,1250000.0,path,9
Improved_Cultivar,8.395817054867168,1250000.0,path,9
Improved_Cultivar,9.685131454661008,1250000.0,path,9
Improved_Cultivar,11.172441071674593,1250000.0,path,9
Improved_Cultivar,12.888151295042004,1250000.0,path,9
Improved_Cultivar,14.867336756424363,1250000.0,path,9
Improved_Cultivar,17.150458368219095,1250000.0,path,9
Improved_Cultivar,19.784190474660203,1250000.0,path,9
Improved_Cultivar,22.82237502543671,1250000.0,path,9
Improved_Cultivar,26.327122278205,1250000.0,path,9
Improved_Cultivar,30.370080531892164,1250000.0,path,9
Improved_Cultivar,35.03390084822067,1250000.0,path,9
Improved_Cultivar,40.41392670506979,1250000.0,path,9
Improved_Cultivar,46.62014312361982,1250000.0,path,9
Improved_Cultivar,53.77942511570264,1250000.0,path,9
Improved_Cultivar,62.0381314168497,1250000.0,path,9
Improved_Cultivar,71.56509652927764,1250000.0,path,9
Improved_Cultivar,82.55508224178706,1250000.0,path,9
Improved_Cultivar,95.23275918673617,1250000.0,path,9
Improved_Cultivar,109.85729982991002,1250000.0,path,9
Improved_Cultivar,126.72767678876247,1250000.0,path,9
Improved_Cultivar,146.18877479368496,1250000.0,path,9
Improved_Cultivar,168.63844124043646,1250000.0,path,9
Improved_Cultivar,194.5356194696875,1250000.0,path,9
Improved_Cultivar,224.4097310440552,1250000.0,path,9
Improved_Cultivar,258.87149882652875,1250000.0,path,9
Improved_Cultivar,298.6254321187944,1250000.0,path,9
Improved_Cultivar,344.48422909582166,1250000.0,path,9
Improved_Cultivar,397.38539096876184,1250000.0,path,9
Improved_Cultivar,458.41038752305275,985441.500027997,path,9
Improved_Cultivar,528.8067658369313,459205.51785289246,path,9
Improved_Cultivar,610.0136541536212,208587.71193495978,path,9
Improved_Cultivar,703.6911822883226,92397.33573862903,path,9
Improved_Cultivar,811.7544200176769,39930.34081449839,path,9
Improved_Cultivar,936.4125272614917,16842.368275527228,path,9
Improved_Cultivar,1080.2139164122557,6936.551415678812,path,9
Improved_Cultivar,1246.0983500756383,2790.6675468633007,path,9
Improved_Cultivar,1437.4570392672392,1417.4237725054193,path,9
Improved_Cultivar,1509.3290868062534,1417.4237725054193,path,9
Early_Cultivar,0.0,276999.74414294685,path,10
Early_Cultivar,0.13329962582312258,276999.74414294685,path,10
Early_Cultivar,0.15374143092933779,284927.0997493519,path,10
Early_Cultivar,0.17731803400231555,309459.2663444434,path,10
Early_Cultivar,0.20451016354139057,353792.33418870735,path,10
Early_Cultivar,0.23587226887018237,424451.8068688251,path,10
Early_Cultivar,0.2720438253950527,533212.5954445155,path,10
Early_Cultivar,0.31376237355102404,704399.4938379916,path,10
Early_Cultivar,0.36187855730013824,985464.1796111224,path,10
Early_Cultivar,0.4173734688182221,1250000.0,path,10
Early_Cultivar,0.48137865302937793,1250000.0,path,10
Early_Cultivar,0.5551991798819904,1250000.0,path,10
Early_Cultivar,0.6403402548114714,1250000.0,path,10
Early_Cultivar,0.7385379099788553,1250000.0,path,10
Early_Cultivar,0.8517944020816308,1250000.0,path,10
Early_Cultivar,0.9824190385005095,1250000.0,path,10
Early_Cultivar,1.1330752642299835,1250000.0,path,10
Early_Cultivar,1.3068349696983022,1250000.0,path,10
Early_Cultivar,1.507241126816904,1250000.0,path,10
Early_Cultivar,1.7383800304125274,1250000.0,path,10
Early_Cultivar,2.0049646180495735,1250000.0,path,10
Early_Cultivar,2.3124305671394136,1250000.0,path,10
Early_Cultivar,2.6670471287630924,1250000.0,path,10
Early_Cultivar,3.0760449581164093,1250000.0,path,10
Early_Cultivar,3.5477635480486005,1250000.0,path,10
Early_Cultivar,4.09182127187429,1250000.0,path,10
Early_Cultivar,4.7193115026429,1250000.0,path,10
Early_Cultivar,5.443028807750387,1250000.0,path,10
Early_Cultivar,6.277729831016486,1250000.0,path,10
Early_Cultivar,7.240434181630299,1250000.0,path,10
Early_Cultivar,8.3507714651097,1250000.0,path,10
Early_Cultivar,9.63138153225893,1250000.0,path,10
Early_Cultivar,11.10837610722711,1250000.0,path,10
Early_Cultivar,12.811871207294265,1250000.0,path,10
Early_Cultivar,14.776601210459903,1250000.0,path,10
Early_Cultivar,17.042627091712518,1250000.0,path,10
Early_Cultivar,19.656153268965017,1250000.0,path,10
Early_Cultivar,22.670469714198294,1250000.0,path,10
Early_Cultivar,26.147038539522104,1250000.0,path,10
Early_Cultivar,30.156747213714787,1250000.0,path,10
Early_Cultivar,34.78135396241002,1250000.0,path,10
Early_Cultivar,40.11515482373657,1250000.0,path,10
Early_Cultivar,46.2669063507857,1250000.0,path,10
Early_Cultivar,53.36204316493738,1174310.3614623467,path,10
Early_Cultivar,61.54523557610382,755805.5310304814,path,10
Early_Cultivar,70.98333941993761,486676.34004367463,path,10
Early_Cultivar,81.8687982593802,314226.85260031786,path,10
Early_Cultivar,94.42356732166527,203886.81972273637,path,10
Early_Cultivar,108.90363918011349,133244.01234539112,path,10
Early_Cultivar,125.60426345967034,87899.99415509257,path,10
Early_Cultivar,144.86596699632747,58665.46049244729,path,10
Early_Cultivar,167.08149720187927,39700.7320818751,path,10
Early_Cultivar,192.70383020968157,27302.77811609799,path,10
Early_Cultivar,222.25540708803334,19123.93932575077,path,10
Early_Cultivar,256.33878644818765,13673.508577759107,path,10
Early_Cultivar,295.6489306543739,10001.94749246659,path,10
Early_Cultivar,340.98737615246586,7501.723720335023,path,10
Early_Cultivar,393.27857685124013,5782.016850618319,path,10
Early_Cultivar,453.5887537988507,4589.964561724769,path,10
Early_Cultivar,523.1476355006689,3761.152161660229,path,10
Early_Cultivar,603.3735321650169,3188.481976733734,path,10
Early_Cultivar,695.9022551423207,2802.647127646433,path,10
Early_Cultivar,802.6204712269715,2560.0247607848305,path,10
Early_Cultivar,925.704171918309,2435.460566389472,path,10
Early_Cultivar,1067.6630420315212,2418.5169146068197,path,10
Early_Cultivar,1231.3916323373733,2512.569864733154,path,10
Early_Cultivar,1420.2283796442694,2736.357002144596,path,10
Early_Cultivar,1638.0236777460625,3114.6634377793143,path,10
Early_Cultivar,1889.2183872066994,3674.6196470254104,path,10
Early_Cultivar,2178.934384801485,4454.960561902871,path,10
Early_Cultivar,2513.0789989240056,5502.6620401038435,path,10
Early_Cultivar,2898.4654604035986,6865.412319906931,path,10
Early_Cultivar,3342.951824733581,8578.127959528712,path,10
Early_Cultivar,3855.6011983435833,10641.867043650129,path,10
Early_Cultivar,4446.866535940337,12996.004487829992,path,10
Early_Cultivar,5128.803776947015,15490.603527851836,path,10
Early_Cultivar,5915.317666907138,17950.04790366794,path,10
Early_Cultivar,6822.445276167781,20283.668710685386,path,10
Early_Cultivar,7868.682996806971,22434.785904220433,path,10
Early_Cultivar,9075.363685294084,24378.263931378082,path,10
Early_Cultivar,10467.091640847164,26121.610229215476,path,10
Early_Cultivar,12072.24428872489,27702.842998396434,path,10
Early_Cultivar,13923.550797808335,29186.825573805352,path,10
Early_Cultivar,16058.759430523896,30661.85399586245,path,10
Early_Cultivar,18521.407232416135,32238.13333130863,path,10
Early_Cultivar,21361.70775539195,34049.61382204144,path,10
Early_Cultivar,24637.574915372395,36260.70323559874,path,10
Early_Cultivar,28415.803860876797,39079.84955290852,path,10
Early_Cultivar,32773.43293052811,42774.57158226004,path,10
Early_Cultivar,37799.31446988394,47532.30952767119,path,10
Early_Cultivar,43595.92653665156,53421.71855038663,path,10
Early_Cultivar,50281.46243507658,60488.72621074143,path,10
Early_Cultivar,57992.24068525097,68732.26003541161,path,10
Early_Cultivar,66885.48456677287,78068.95508823899,path,10
Early_Cultivar,77142.52791183804,88293.68054822754,path,10
Early_Cultivar,88972.51251409805,99041.30242781613,path,10
Early_Cultivar,102616.65254369467,109759.08752941038,path,10
Early_Cultivar,118353.15292017617,119702.71796700235,path,10
Early_Cultivar,136502.88192924787,127970.20608912456,path,10
Early_Cultivar,157435.91374838454,133584.79141400722,path,10
Early_Cultivar,181579.07428383688,135628.32834616487,path,10
Wild,0.0,47325.10752784258,path,11
Wild,0.13329962582312258,47325.10752784258,path,11
Wild,0.15463636841818026,47325.93322278447,path,11
Wild,0.1793883988038567,47327.3172001115,path,11
Wild,0.20810238855575824,47327.6196979462,path,11
Wild,0.2414125128011384,47325.20096850059,path,11
Wild,0.28005445656547323,47319.39256486734,path,11
Wild,0.32488166305939986,47313.66601283056,path,11
Wild,0.3768841827645246,47312.59463471856,path,11
Wild,0.4372105396176618,47320.752264818635,path,11
Wild,0.5071930972284887,47341.51669222114,path,11
Wild,0.5883774853670874,47367.120120689295,path,11
Wild,0.6825567366326775,47383.73247739052,path,11
Wild,0.7918108872435626,47377.44846599499,path,11
Wild,0.9185529165685209,47334.39399392,path,11
Wild,1.0655820400168359,47249.95938302987,path,11
Wild,1.2361455323099393,47174.416604468584,path,11
Wild,1.4340104465590282,47178.08580189586,path,11
Wild,1.6635468131310815,47331.61014120622,path,11
Wild,1.929824155827489,47691.993200136516,path,11
Wild,2.238723457024726,48261.62486238279,path,11
Wild,2.5970670446311703,49031.80468732409,path,11
Wild,3.0127692695341226,49995.45106228279,path,11
Wild,3.4950113013883413,51146.624660431844,path,11
Wild,4.054443903273449,52480.08646197746,path,11
Wild,4.703422663686749,53990.87705697065,path,11
Wild,5.456280881188489,55673.9072049496,path,11
Wild,6.329646128610356,57523.55254406589,path,11
Wild,7.3428074884416885,59533.248095299685,path,11
Wild,8.518141570127955,61695.08092738646,path,11
Wild,9.881606718269087,63999.38212807399,path,11
Wild,11.463316326764685,66434.32212272298,path,11
Wild,13.298203921081349,68985.516408536,path,11
Wild,15.426794697601606,71635.65190623167,path,11
Wild,17.89610056021739,74364.147299161,path,11
Wild,20.760658421882383,77146.863811446,path,11
Wild,24.083734702977114,79955.88569871063,path,11
Wild,27.938722628951812,82759.39206336888,path,11
Wild,32.41076318786278,85521.64319122795,path,11
Wild,37.5986255481549,88203.10513209505,path,11
Wild,43.616888467463,90760.7353912292,path,11
Wild,50.598470870871125,93148.45004560323,path,11
Wild,58.697567488800566,95317.78807443121,path,11
Wild,68.09305439081496,97218.78200310562,path,11
Wild,78.99243962971984,98801.03503413622,path,11
Wild,91.63644624959895,100014.993778371,path,11
Wild,106.30432887777641,100813.39281600116,path,11
Wild,123.32004132257484,101152.8331620052,path,11
Wild,143.05939139399294,100995.44209062096,path,11
Wild,165.9583409681617,100310.54773491432,path,11
Wild,192.52263461020925,99076.28966448877,path,11
Wild,223.33896941261224,97281.07761962277,path,11
Wild,259.08795274528546,94924.8061121891,path,11
Wild,300.5591341013528,92019.73392442419,path,11
Wild,348.66844303087265,88590.94557972341,path,11
Wild,404.4784182954755,84676.32709727199,path,11
Wild,469.2216750235797,80326.01064032805,path,11
Wild,544.3281281600998,75601.27118406948,path,11
Wild,631.4565734658106,70572.8914769864,path,11
Wild,732.5313235620713,65319.04706911596,path,11
Wild,849.7847081619677,59922.79820024474,path,11
Wild,985.80637714495,54469.30673851551,path,11
Wild,1143.6004953791485,49042.92099377246,path,11
Wild,1326.65209249213,43724.28632111806,path,11
Wild,1539.0040329863932,38674.49037888024,path,11
Wild,1785.3463066560796,34310.274681425195,path,11
Wild,2071.1196113666615,30934.40567243244,path,11
Wild,2402.635515919493,28720.870942473655,path,11
Wild,2787.2158569096587,27823.51169259972,path,11
Wild,3233.3544482861757,28497.387608360008,path,11
Wild,3750.9046751203464,31267.790014609203,path,11
Wild,4351.29711476483,37239.909372337956,path,11
Wild,5047.791991768828,48776.66599712792,path,11
Wild,5855.77204225058,69763.08535665115,path,11
Wild,6793.082255908833,103571.99369918136,path,11
Wild,7880.423999191047,150864.16370430109,path,11
Wild,9141.812224194515,203789.09818185424,path,11
Wild,10605.105861183521,241296.44153982057,path,11
Wild,12302.623108933814,236711.85394697843,path,11
Wild,14271.85521216299,181849.5471195126,path,11
Wild,16556.29449048415,103407.38979191594,path,11
Wild,19206.394906671183,41311.74248678031,path,11
Wild,19860.829705604956,41311.74248678031,path,11
Improved_Cultivar,0.0,24712.885049878198,path,12
Improved_Cultivar,0.13735368967243114,24712.885049878198,path,12
Improved_Cultivar,0.1583986423445493,25659.846274017873,path,12
Improved_Cultivar,0.18266804449471186,28627.291928117727,path,12
Improved_Cultivar,0.21065593735923954,34143.16040744829,path,12
Improved_Cultivar,0.24293205780710372,43313.77387161917,path,12
Improved_Cultivar,0.2801534362155275,58222.927950629826,path,12
Improved_Cultivar,0.32307777134003507,83524.13071706437,path,12
Improved_Cultivar,0.3725788544451163,129520.49920807715,path,12
Improved_Cultivar,0.4296643566775565,219913.9752876717,path,12
Improved_Cultivar,0.49549634177194973,414080.34140217345,path,12
Improved_Cultivar,0.5714149216562391,862256.7218707518,path,12
Improved_Cultivar,0.658965536503766,1250000.0,path,12
Improved_Cultivar,0.7599304145594756,1250000.0,path,12
Improved_Cultivar,0.8763648521537447,1250000.0,path,12
Improved_Cultivar,1.0106390524396467,1250000.0,path,12
Improved_Cultivar,1.165486374545881,1250000.0,path,12
Improved_Cultivar,1.3440589753315726,1250000.0,path,12
Improved_Cultivar,1.5499919764169166,1250000.0,path,12
Improved_Cultivar,1.7874774627089098,1250000.0,path,12
Improved_Cultivar,2.0613498187766606,1250000.0,path,12
Improved_Cultivar,2.3771841402302134,1250000.0,path,12
Improved_Cultivar,2.7414097234188706,1250000.0,path,12
Improved_Cultivar,3.1614409437073405,1250000.0,path,12
Improved_Cultivar,3.645828186559627,1250000.0,path,12
Improved_Cultivar,4.204431903866413,1250000.0,path,12
Improved_Cultivar,4.848623338701759,1250000.0,path,12
Improved_Cultivar,5.591516004572297,1250000.0,path,12
Improved_Cultivar,6.448232631277044,1250000.0,path,12
Improved_Cultivar,7.43621301147408,1250000.0,path,12
Improved_Cultivar,8.5755690146472,1250000.0,path,12
Improved_Cultivar,9.889493995331257,1250000.0,path,12
Improved_Cultivar,11.404734929734188,1250000.0,path,12
Improved_Cultivar,13.152136891827125,1250000.0,path,12
Improved_Cultivar,15.167270952556166,1250000.0,path,12
Improved_Cultivar,17.491158284035738,1250000.0,path,12
Improved_Cultivar,20.171105208984944,1250000.0,path,12
Improved_Cultivar,23.261666194130505,1250000.0,path,12
Improved_Cultivar,26.825754390796902,1250000.0,path,12
Improved_Cultivar,30.935922329456236,1250000.0,path,12
Improved_Cultivar,35.67583883875703,1250000.0,path,12
Improved_Cultivar,41.14199225400418,1250000.0,path,12
Improved_Cultivar,47.44565458653459,1250000.0,path,12
Improved_Cultivar,54.71514663769501,1250000.0,path,12
Improved_Cultivar,63.09845016732289,1250000.0,path,12
Improved_Cultivar,72.76622029146142,1250000.0,path,12
Improved_Cultivar,83.91525943132594,974091.2209791127,path,12
Improved_Cultivar,96.77252353112848,590463.4434129836,path,12
Improved_Cultivar,111.59974209752441,359750.82147778576,path,12
Improved_Cultivar,128.6987461087316,220910.02864342096,path,12
Improved_Cultivar,148.41761225115934,137095.56075638367,path,12
Improved_Cultivar,171.15774855898925,86221.4137624928,path,12
Improved_Cultivar,197.3820656958677,55103.62101396019,path,12
Improved_Cultivar,227.62440021779375,35884.578819092916,path,12
Improved_Cultivar,262.50038164229767,23877.439222160698,path,12
Improved_Cultivar,302.71996453992375,16278.308996264914,path,12
Improved_Cultivar,349.10188075812874,11401.498564949288,path,12
Improved_Cultivar,402.59030597497906,8226.87993874341,path,12
Improved_Cultivar,464.27407985613706,6132.229778038605,path,12
Improved_Cultivar,535.4088710711763,4734.7950237379755,path,12
Improved_Cultivar,617.4427383724257,3797.282536926436,path,12
Improved_Cultivar,712.0456080716655,3171.926189583425,path,12
Improved_Cultivar,821.1432679743218,2767.2036963103865,path,12
Improved_Cultivar,946.9565697702949,2528.229796965408,path,12
Improved_Cultivar,1092.046637906756,2425.7094845012425,path,12
Improved_Cultivar,1259.3670052394612,2450.740433006641,path,12
Improved_Cultivar,1452.3237367644624,2614.4575748694892,path,12
Improved_Cultivar,1674.8447653418038,2949.6123465517503,path,12
Improved_Cultivar,1931.4598508471308,3493.1304846701837,path,12
Improved_Cultivar,2227.3927904435354,4292.514247015499,path,12
Improved_Cultivar,2568.667757056317,5410.3711954917335,path,12
Improved_Cultivar,2962.2319307349817,6914.042907241174,path,12
Improved_Cultivar,3416.096919253512,8855.193998712093,path,12
Improved_Cultivar,3939.5018467841082,11235.603430701105,path,12
Improved_Cultivar,4543.101430566789,13960.415577943637,path,12
Improved_Cultivar,5239.182874166336,16816.282606832832,path,12
Improved_Cultivar,6041.915992514688,19635.851556543417,path,12
Improved_Cultivar,6967.6416604208525,22313.911730626343,path,12
Improved_Cultivar,8035.204456364198,24775.995498987366,path,12
Improved_Cultivar,9266.336273050452,26986.039575900326,path,12
Improved_Cultivar,10686.098703716481,28948.297941778532,path,12
Improved_Cultivar,12323.39320964219,30704.777931199504,path,12
Improved_Cultivar,14211.549454118238,32330.404501000092,path,12
Improved_Cultivar,16389.003779318027,33928.274341361546,path,12
Improved_Cultivar,18900.081637520958,35627.14848770651,path,12
Improved_Cultivar,21795.899904284503,37583.06724616512,path,12
Improved_Cultivar,25135.40744154701,39986.9654433843,path,12
Improved_Cultivar,28986.585092932193,43080.71944880464,path,12
Improved_Cultivar,33427.829539018036,47158.36869880005,path,12
Improved_Cultivar,38549.549183084346,52376.828458118456,path,12
Improved_Cultivar,44456.00455406325,58801.252964123414,path,12
Improved_Cultivar,51267.430690943555,66474.62367891072,path,12
Improved_Cultivar,59122.48471304572,75387.97596655502,path,12
Improved_Cultivar,68181.06840025053,85443.71705656778,path,12
Improved_Cultivar,78627.5832411674,96415.08790547575,path,12
Improved_Cultivar,90674.68421078572,107907.50556338776,path,12
Improved_Cultivar,104567.6086915635,119331.48724222396,path,12
Improved_Cultivar,120589.16865983729,129900.30369003715,path,12
Improved_Cultivar,139065.50776123762,138666.62882150212,path,12
Improved_Cultivar,160372.74046928468,144609.02270792887,path,12
Improved_Cultivar,184944.60847751208,146769.37078329202,path,12
Wild,0.0,50550.855375077386,path,13
Wild,0.13735368967243114,50550.855375077386,path,13
Wild,0.15929113745055545,50550.40549913484,path,13
Wild,0.1847323252167765,50549.63832776061,path,13
Wild,0.2142368528857403,50549.42751788845,path,13
Wild,0.24845369688562793,50550.6467261167,path,13
Wild,0.2881354849301202,50553.75516681347,path,13
Wild,0.3341550506858972,50557.03984325832,path,13
Wild,0.387524632469252,50558.078285763724,path,13
Wild,0.44941813826298355,50554.44763121826,path,13
Wild,0.521196966790987,50544.026064172765,path,13
Wild,0.6044399526063798,50529.737083805856,path,13
Wild,0.7009780938600817,50518.69207742213,path,13
Wild,0.8129348266157738,50518.12422282129,path,13
Wild,0.9427727315780134,50535.2709260114,path,13
Wild,1.0933477005865326,50575.92327405754,path,13
Wild,1.2679717543134528,50618.40153042171,path,13
Wild,1.470485892890475,50616.57110306662,path,13
Wild,1.7053445818757191,50523.60557558185,path,13
Wild,1.9777137318987397,50308.76007378371,path,13
Wild,2.2935843271268466,49977.25202331941,path,13
Wild,2.659904201904616,49539.77960522396,path,13
Wild,3.0847308641024487,49007.456323434075,path,13
Wild,3.5774087266498698,48391.6135639907,path,13
Wild,4.148774645607339,47703.62167384772,path,13
Wild,4.811396285756003,46954.73174893519,path,13
Wild,5.57984855675327,46155.93943834681,path,13
Wild,6.471034200295439,45317.87128101211,path,13
Wild,7.504555579866572,44450.69340915313,path,13
Wild,8.703145850895876,43564.04188793433,path,13
Wild,10.093168995266849,42666.973515243575,path,13
Wild,11.705199718849878,41767.9355764212,path,13
Wild,13.574695967382938,40874.75282880475,path,13
Wild,15.742778853241875,39994.62987007591,path,13
Wild,18.257137148233284,39134.16701064829,path,13
Wild,21.173076237475016,38299.38781094655,path,13
Wild,24.554734606970406,37495.77654659253,path,13
Wild,28.476494622524125,36728.324016084705,path,13
Wild,33.02461863124557,36001.58029554234,path,13
Wild,38.29914637304258,35319.713264049584,path,13
Wild,44.4160954372365,34686.57196344014,path,13
Wild,51.510013165157076,34105.75411235173,path,13
Wild,59.7369361299206,33580.67736246565,path,13
Wild,69.2778222895904,33114.65416358325,path,13
Wild,80.34253130675992,32710.970394322732,path,13
Wild,93.17444058497222,32372.968219756538,path,13
Wild,108.05579855550391,32104.133961652875,path,13
Wild,125.31393296447462,31908.1921191296,path,13
Wild,145.32845071667816,31789.20706838895,path,13
Wild,168.53958764263973,31751.694414091755,path,13
Wild,195.45789184891635,31800.7444802496,path,13
Wild,226.67545364491735,31942.16103872032,path,13
Wild,262.8789290577519,32182.619108312876,path,13
Wild,304.86464339805747,32529.846555134693,path,13
Wild,353.5561070921975,32992.83533371725,path,13
Wild,410.0243290560136,33582.08959101527,path,13
Wild,475.51137441954376,34309.919592128594,path,13
Wild,551.4576847742965,35190.79262207266,path,13
Wild,639.5337618744634,36241.754808490565,path,13
Wild,741.6769117012159,37482.9413746666,path,13
Wild,860.1338571060944,38938.19740619047,path,13
Wild,997.5101563337436,40635.83711010257,path,13
Wild,1156.8275144251606,42609.577177367275,path,13
Wild,1341.5902481130695,44899.68978282603,path,13
Wild,1555.8623661596264,47553.29494515009,path,13
Wild,1804.3569605820605,50500.457862909614,path,13
Wild,2092.539875000041,53399.789240984755,path,13
Wild,2426.749930375567,55801.3195239004,path,13
Wild,2814.3383526097473,57192.787707721094,path,13
Wild,3263.830468821465,57063.85480293162,path,13
Wild,3785.1132289510015,55009.178899343984,path,13
Wild,4389.652677381024,50850.42740262856,path,13
Wild,5090.7461580425625,44801.79361710746,path,13
Wild,5903.814800465504,38177.64882159431,path,13
Wild,6846.7427202454755,32432.572695382973,path,13
Wild,7940.270394921295,28321.902404055214,path,13
Wild,8942.008157376278,28321.902404055214,path,13
Landrace_B,0.0,89428.4725316,path,14
Landrace_B,106.92854893554868,89428.4725316,path,14
Landrace_B,115.21123802142505,89314.74453014693,path,14
Landrace_B,124.13550448935905,88935.22976591066,path,14
Landrace_B,133.75104494547708,88234.97548386497,path,14
Landrace_B,144.11140549672893,87163.95291093667,path,14
Landrace_B,155.2742799333541,85679.16370032191,path,14
Landrace_B,167.3018310085725,83746.87621335553,path,14
Landrace_B,180.26103660461087,81344.84844640449,path,14
Landrace_B,194.22406271276193,78464.14143270942,path,14
Landrace_B,209.26866530449078,75106.09700528184,path,14
Landrace_B,225.47862333149217,71284.71481226473,path,14
Landrace_B,242.9442052659468,67032.91661520302,path,14
Landrace_B,261.76267177900166,62402.719091433115,path,14
Landrace_B,282.0388173567426,57463.99699368203,path,14
Landrace_B,303.8855538697594,52301.99900753209,path,14
Landrace_B,327.4245393460297,47013.66486765874,path,14
Landrace_B,352.78685544857115,41712.227904846346,path,14
Landrace_B,380.11373743053633,36553.70708644465,path,14
Landrace_B,409.5573606326546,31674.815710905867,path,14
Landrace_B,441.28168790279335,27170.489482479068,path,14
Landrace_B,475.46338265666714,23097.6391374926,path,14
Landrace_B,512.2927926642594,19480.968897507617,path,14
Landrace_B,551.975010040378,16319.709099939162,path,14
Landrace_B,594.7310133421119,13594.37482338241,path,14
Landrace_B,640.7988981331982,11274.605561558783,path,14
Landrace_B,690.4352028679474,9331.498975510629,path,14
Landrace_B,743.9163374781822,7729.020405928369,path,14
Landrace_B,801.5401226185714,6424.456366214955,path,14
Landrace_B,863.6274481419584,5374.067357395084,path,14
Landrace_B,930.5240600402478,4536.704810803161,path,14
Landrace_B,1002.602485801793,3875.828362121716,path,14
Landrace_B,1080.2641089070348,3360.4005865211493,path,14
Landrace_B,1163.9414040146435,2965.0769676816944,path,14
Landrace_B,1254.1003452852533,2670.0242013376087,path,14
Landrace_B,1351.243001254043,2460.402928130296,path,14
Landrace_B,1455.9103307022297,2321.668024197799,path,14
Landrace_B,1568.685195096869,2240.266040464138,path,14
Landrace_B,1690.1956043743407,2207.336987922534,path,14
Landrace_B,1821.1182141423421,2217.5388346840887,path,14
Landrace_B,1962.1820937752648,2268.147817556526,path,14
Landrace_B,2114.17278638637,2358.4842517183833,path,14
Landrace_B,2277.936683285541,2489.545632911928,path,14
Landrace_B,2454.3857372827,2663.769640716349,path,14
Landrace_B,2644.5025410838552,2884.872876301022,path,14
Landrace_B,2849.345799059889,3157.723626671245,path,14
Landrace_B,3070.0562228587396,3488.212644465923,path,14
Landrace_B,3307.862883691907,3883.0873982301937,path,14
Landrace_B,3564.0900566692985,4349.71433355378,path,14
Landrace_B,3840.1645952964773,4895.732062479466,path,14
Landrace_B,4137.623877200721,5528.557886658151,path,14
Landrace_B,4458.1243653332995,6254.712816590063,path,14
Landrace_B,4803.450832322786,7078.938810387589,path,14
Landrace_B,5175.526299347073,8003.099070413836,path,14
Landrace_B,5576.422744870771,9024.880433214259,path,14
Landrace_B,6008.372642881762,10136.357711763185,path,14
Landrace_B,6473.781394879985,11322.532773411844,path,14
Landrace_B,6975.240724848465,12560.022277519076,path,14
Landrace_B,7515.543111799268,13816.1289160324,path,14
Landrace_B,8097.697340264983,15048.984969483106,path,14
Landrace_B,8724.945255331795,16224.08556952384,path,14
Landrace_B,9400.779815517999,17326.045863988835,path,14
Landrace_B,10128.964544029095,18344.84687561788,path,14
Landrace_B,10913.554486707782,19274.952236575926,path,14
Landrace_B,11758.918793387531,20115.290382295243,path,14
Landrace_B,12669.765048398462,20869.03016525593,path,14
Landrace_B,13651.165485715164,21543.20827094012,path,14
Landrace_B,14708.585234730717,22148.271283060138,path,14
Landrace_B,15847.912753949331,22697.593713095983,path,14
Landrace_B,17075.492622073947,23207.02760859638,path,14
Landrace_B,18398.16086909245,23694.531481192407,path,14
Landrace_B,19823.2830441112,24179.918149537945,path,14
Landrace_B,21358.795231924236,24684.754328401923,path,14
Landrace_B,23013.248246727228,25232.440779564262,path,14
Landrace_B,24795.855249078137,25848.50171042145,path,14
Landrace_B,26716.543051269306,26561.116910744946,path,14
Landrace_B,28786.007396815334,27401.941027992914,path,14
Landrace_B,31015.772521892177,28407.272975958826,path,14
Landrace_B,33418.25533040708,29619.66711883044,path,14
Landrace_B,36006.83454007191,31085.73612886716,path,14
Landrace_B,38795.92518453367,32827.06643310965,path,14
Landrace_B,41801.05888644239,34852.687753494465,path,14
Landrace_B,45038.97034847392,37172.00150249711,path,14
Landrace_B,48527.69054395012,39793.60378611816,path,14
Landrace_B,52286.647126007796,42723.85549305236,path,14
Landrace_B,56336.77261446542,45965.250329010734,path,14
Landrace_B,60700.62096284793,49514.57249203522,path,14
Landrace_B,65402.49315469759,53360.861839400925,path,14
Landrace_B,70468.5725285796,57483.23752663127,path,14
Landrace_B,75927.0705853667,61848.67126969218,path,14
Landrace_B,81808.38408976149,66409.84737757801,path,14
Landrace_B,88145.26434090818,71103.2956239103,path,14
Landrace_B,94972.99955471132,75848.02995332649,path,14
Landrace_B,102329.61137349597,80544.96387512532,path,14
Landrace_B,110256.06659731177,85077.39316030145,path,14
Landrace_B,118796.50531595222,89312.82787205015,path,14
Landrace_B,127998.48671208782,93106.40866366589,path,14
Landrace_B,137913.25390431748,96306.04857937392,path,14
Landrace_B,148596.01930497307,98759.29775137852,path,14
Landrace_B,160106.2720817486,100321.73806459959,path,14
Landrace_B,172508.10943531792,100866.49119919134,path,14
Early_Cultivar,0.0,199782.815367802,path,15
Early_Cultivar,0.13329962582312258,199782.815367802,path,15
Early_Cultivar,0.15374143092933779,205499.49216753524,path,15
Early_Cultivar,0.17731803400231555,223191.37505833848,path,15
Early_Cultivar,0.20451016354139057,255165.0964722188,path,15
Early_Cultivar,0.23587226887018237,306129.7291275569,path,15
Early_Cultivar,0.2720438253950527,384582.3229205873,path,15
Early_Cultivar,0.31376237355102404,508067.54677594214,path,15
Early_Cultivar,0.36187855730013824,710802.9149985024,path,15
Early_Cultivar,0.4173734688182221,1060533.6822223365,path,15
Early_Cultivar,0.48137865302937793,1250000.0,path,15
Early_Cultivar,0.5551991798819904,1250000.0,path,15
Early_Cultivar,0.6403402548114714,1250000.0,path,15
Early_Cultivar,0.7385379099788553,1250000.0,path,15
Early_Cultivar,0.8517944020816308,1250000.0,path,15
Early_Cultivar,0.9824190385005095,1250000.0,path,15
Early_Cultivar,1.1330752642299835,1250000.0,path,15
Early_Cultivar,1.3068349696983022,1250000.0,path,15
Early_Cultivar,1.507241126816904,1250000.0,path,15
Early_Cultivar,1.7383800304125274,1250000.0,path,15
Early_Cultivar,2.0049646180495735,1250000.0,path,15
Early_Cultivar,2.3124305671394136,1250000.0,path,15
Early_Cultivar,2.6670471287630924,1250000.0,path,15
Early_Cultivar,3.0760449581164093,1250000.0,path,15
Early_Cultivar,3.5477635480486005,1250000.0,path,15
Early_Cultivar,4.09182127187429,1250000.0,path,15
Early_Cultivar,4.7193115026429,1250000.0,path,15
Early_Cultivar,5.443028807750387,1250000.0,path,15
Early_Cultivar,6.277729831016486,1250000.0,path,15
Early_Cultivar,7.240434181630299,1250000.0,path,15
Early_Cultivar,8.3507714651097,1250000.0,path,15
Early_Cultivar,9.63138153225893,1250000.0,path,15
Early_Cultivar,11.10837610722711,1250000.0,path,15
Early_Cultivar,12.811871207294265,1250000.0,path,15
Early_Cultivar,14.776601210459903,1250000.0,path,15
Early_Cultivar,17.042627091712518,1250000.0,path,15
Early_Cultivar,19.656153268965017,1250000.0,path,15
Early_Cultivar,22.670469714198294,1250000.0,path,15
Early_Cultivar,26.147038539522104,1250000.0,path,15
Early_Cultivar,30.156747213714787,1250000.0,path,15
Early_Cultivar,34.78135396241002,1250000.0,path,15
Early_Cultivar,40.11515482373657,1250000.0,path,15
Early_Cultivar,46.2669063507857,1250000.0,path,15
Early_Cultivar,53.36204316493738,862223.5830746494,path,15
Early_Cultivar,61.54523557610382,553449.6975095711,path,15
Early_Cultivar,70.98333941993761,355247.4829559581,path,15
Early_Cultivar,81.8687982593802,228526.97998782055,path,15
Early_Cultivar,94.42356732166527,147657.86516265254,path,15
Early_Cultivar,108.90363918011349,96039.0176596234,path,15
Early_Cultivar,125.60426345967034,63054.91678546935,path,15
Early_Cultivar,144.86596699632747,41971.943671408975,path,15
Early_Cultivar,167.08149720187927,28455.892932802763,path,15
Early_Cultivar,192.70383020968157,19740.31532299899,path,15
Early_Cultivar,222.25540708803334,14023.562861586579,path,15
Early_Cultivar,256.33878644818765,10126.111699704117,path,15
Early_Cultivar,295.6489306543739,7368.660087061228,path,15
Early_Cultivar,340.98737615246586,5358.180197867269,path,15
Early_Cultivar,393.27857685124013,3916.855636083939,path,15
Early_Cultivar,453.5887537988507,2984.1832993122853,path,15
Early_Cultivar,523.1476355006689,2465.958519142094,path,15
Early_Cultivar,603.3735321650169,2299.9745965123016,path,15
Early_Cultivar,695.9022551423207,2465.6834347666245,path,15
Early_Cultivar,802.6204712269715,2838.005774336996,path,15
Early_Cultivar,925.704171918309,3206.140150791654,path,15
Early_Cultivar,1067.6630420315212,3249.949356348195,path,15
Early_Cultivar,1130.6085959151217,3249.949356348195,path,15
Landrace_B,0.0,109234.91144811882,path,16
Landrace_B,106.92854893554868,109234.91144811882,path,16
Landrace_B,115.21123802142505,109095.99519677047,path,16
Landrace_B,124.13550448935905,108632.42626295073,path,16
Landrace_B,133.75104494547708,107777.08106555403,path,16
Landrace_B,144.11140549672893,106468.85055908508,path,16
Landrace_B,155.2742799333541,104655.21320904185,path,16
Landrace_B,167.3018310085725,102294.96656101264,path,16
Landrace_B,180.26103660461087,99360.94249696408,path,16
Landrace_B,194.22406271276193,95842.22226568915,path,16
Landrace_B,209.26866530449078,91740.44488668624,path,16
Landrace_B,225.47862333149217,87072.7106221192,path,16
Landrace_B,242.9442052659468,81879.23267931752,path,16
Landrace_B,261.76267177900166,76223.54828509306,path,16
Landrace_B,282.0388173567426,70191.00791240486,path,16
Landrace_B,303.8855538697594,63885.74095491312,path,16
Landrace_B,327.4245393460297,57426.1571654997,path,16
Landrace_B,352.78685544857115,50950.56856617562,path,16
Landrace_B,380.11373743053633,44649.54889257811,path,16
Landrace_B,409.5573606326546,38690.09043058045,path,16
Landrace_B,441.28168790279335,33188.155053994655,path,16
Landrace_B,475.46338265666714,28213.2579750042,path,16
Landrace_B,512.2927926642594,23795.574856663912,path,16
Landrace_B,551.975010040378,19934.165573061684,path,16
Landrace_B,594.7310133421119,16605.229721440086,path,16
Landrace_B,640.7988981331982,13771.682611420605,path,16
Landrace_B,690.4352028679474,11398.220671922252,path,16
Landrace_B,743.9163374781822,9440.828359490968,path,16
Landrace_B,801.5401226185714,7847.332090099355,path,16
Landrace_B,863.6274481419584,6564.30502817596,path,16
Landrace_B,930.5240600402478,5541.485102512813,path,16
Landrace_B,1002.602485801793,4734.239062116049,path,16
Landrace_B,1080.2641089070348,4104.655375491703,path,16
Landrace_B,1163.9414040146435,3621.7762736260347,path,16
Landrace_B,1254.1003452852533,3261.375811762727,path,16
Landrace_B,1351.243001254043,3005.3280389647343,path,16
Landrace_B,1455.9103307022297,2835.8664064799054,path,16
Landrace_B,1568.685195096869,2736.43567448674,path,16
Landrace_B,1690.1956043743407,2696.2135613652,path,16
Landrace_B,1821.1182141423421,2708.674892706982,path,16
Landrace_B,1962.1820937752648,2770.4926517053436,path,16
Landrace_B,2114.17278638637,2880.8366183063877,path,16
Landrace_B,2277.936683285541,3040.9252116107878,path,16
Landrace_B,2454.3857372827,3253.736003586771,path,16
Landrace_B,2644.5025410838552,3523.8087407840885,path,16
Landrace_B,2849.345799059889,3857.089928659822,path,16
Landrace_B,3070.0562228587396,4260.7749919445705,path,16
Landrace_B,3307.862883691907,4743.105814997556,path,16
Landrace_B,3564.0900566692985,5313.080349018224,path,16
Landrace_B,3840.1645952964773,5980.0289905397985,path,16
Landrace_B,4137.623877200721,6753.011810321444,path,16
Landrace_B,4458.1243653332995,7639.994079203417,path,16
Landrace_B,4803.450832322786,8646.767994679787,path,16
Landrace_B,5175.526299347073,9775.60941743992,path,16
Landrace_B,5576.422744870771,11023.692869222055,path,16
Landrace_B,6008.372642881762,12381.337908457032,path,16
Landrace_B,6473.781394879985,13830.224646127455,path,16
Landrace_B,6975.240724848465,15341.790846158032,path,16
Landrace_B,7515.543111799268,16876.0974662215,path,16
Landrace_B,8097.697340264983,18382.00400822776,path,16
Landrace_B,8724.945255331795,19817.363534722226,path,16
Landrace_B,9400.779815517999,21163.3837873067,path,16
Landrace_B,10128.964544029095,22407.826805711466,path,16
Landrace_B,10913.554486707782,23543.93003844611,path,16
Landrace_B,11758.918793387531,24570.384592969447,path,16
Landrace_B,12669.765048398462,25491.06115285971,path,16
Landrace_B,13651.165485715164,26314.554874600854,path,16
Landrace_B,14708.585234730717,27053.626030334945,path,16
Landrace_B,15847.912753949331,27724.61129154721,path,16
Landrace_B,17075.492622073947,28346.8735855162,path,16
Landrace_B,18398.16086909245,28942.348839047187,path,16
Landrace_B,19823.2830441112,29535.237974172316,path,16
Landrace_B,21358.795231924236,30151.884258436272,path,16
Landrace_B,23013.248246727228,30820.871207452004,path,16
Landrace_B,24795.855249078137,31573.376078929614,path,16
Landrace_B,26716.543051269306,32443.81986601785,path,16
Landrace_B,28786.007396815334,33470.8680240703,path,16
Landrace_B,31015.772521892177,34698.85887757856,path,16
Landrace_B,33418.25533040708,36179.77164604838,path,16
Landrace_B,36006.83454007191,37970.54268299754,path,16
Landrace_B,38795.92518453367,40097.53933407688,path,16
Landrace_B,41801.05888644239,42571.79120594543,path,16
Landrace_B,45038.97034847392,45404.781917076994,path,16
Landrace_B,48527.69054395012,48607.01142180595,path,16
Landrace_B,52286.647126007796,52186.249405710354,path,16
Landrace_B,56336.77261446542,56145.54187544576,path,16
Landrace_B,60700.62096284793,60480.9607996796,path,16
Landrace_B,65402.49315469759,65179.11860523613,path,16
Landrace_B,70468.5725285796,70214.50980004121,path,16
Landrace_B,75927.0705853667,75546.79106188861,path,16
Landrace_B,81808.38408976149,81118.16731533107,path,16
Landrace_B,88145.26434090818,86851.11107542124,path,16
Landrace_B,94972.99955471132,92646.69965751948,path,16
Landrace_B,102329.61137349597,98383.90109349463,path,16
Landrace_B,110256.06659731177,103920.16373553102,path,16
Landrace_B,118796.50531595222,109093.65404107855,path,16
Landrace_B,127998.48671208782,113727.429505565,path,16
Landrace_B,137913.25390431748,117635.7192589736,path,16
Landrace_B,148596.01930497307,120632.30914223925,path,16
Landrace_B,160106.2720817486,122540.79560551162,path,16
Landrace_B,172508.10943531792,123206.19957287985,path,16
Improved_Cultivar,0.0,20382.195310451116,path,17
Improved_Cultivar,0.13735368967243114,20382.195310451116,path,17
Improved_Cultivar,0.1583986423445493,21163.077540870345,path,17
Improved_Cultivar,0.18266804449471186,23610.228864511242,path,17
Improved_Cultivar,0.21065593735923954,28159.293288571735,path,17
Improved_Cultivar,0.24293205780710372,35723.18371384986,path,17
Improved_Cultivar,0.2801534362155275,48021.52918790385,path,17
Improved_Cultivar,0.32307777134003507,68893.06239862814,path,17
Improved_Cultivar,0.3725788544451163,106834.96979139763,path,17
Improved_Cultivar,0.4296643566775565,181390.67411570987,path,17
Improved_Cultivar,0.49549634177194973,341504.0588317375,path,17
Improved_Cultivar,0.5714149216562391,710987.8994312556,path,17
Improved_Cultivar,0.658965536503766,1250000.0,path,17
Improved_Cultivar,0.7599304145594756,1250000.0,path,17
Improved_Cultivar,0.8763648521537447,1250000.0,path,17
Improved_Cultivar,1.0106390524396467,1250000.0,path,17
Improved_Cultivar,1.165486374545881,1250000.0,path,17
Improved_Cultivar,1.3440589753315726,1250000.0,path,17
Improved_Cultivar,1.5499919764169166,1250000.0,path,17
Improved_Cultivar,1.7874774627089098,1250000.0,path,17
Improved_Cultivar,2.0613498187766606,1250000.0,path,17
Improved_Cultivar,2.3771841402302134,1250000.0,path,17
Improved_Cultivar,2.7414097234188706,1250000.0,path,17
Improved_Cultivar,3.1614409437073405,1250000.0,path,17
Improved_Cultivar,3.645828186559627,1250000.0,path,17
Improved_Cultivar,4.204431903866413,1250000.0,path,17
Improved_Cultivar,4.848623338701759,1250000.0,path,17
Improved_Cultivar,5.591516004572297,1250000.0,path,17
Improved_Cultivar,6.448232631277044,1250000.0,path,17
Improved_Cultivar,7.43621301147408,1250000.0,path,17
Improved_Cultivar,8.5755690146472,1250000.0,path,17
Improved_Cultivar,9.889493995331257,1250000.0,path,17
Improved_Cultivar,11.404734929734188,1250000.0,path,17
Improved_Cultivar,13.152136891827125,1250000.0,path,17
Improved_Cultivar,15.167270952556166,1250000.0,path,17
Improved_Cultivar,17.491158284035738,1250000.0,path,17
Improved_Cultivar,20.171105208984944,1250000.0,path,17
Improved_Cultivar,23.261666194130505,1250000.0,path,17
Improved_Cultivar,26.825754390796902,1250000.0,path,17
Improved_Cultivar,30.935922329456236,1250000.0,path,17
Improved_Cultivar,35.67583883875703,1250000.0,path,17
Improved_Cultivar,41.14199225400418,1250000.0,path,17
Improved_Cultivar,47.44565458653459,1250000.0,path,17
Improved_Cultivar,54.71514663769501,1250000.0,path,17
Improved_Cultivar,63.09845016732289,1250000.0,path,17
Improved_Cultivar,72.76622029146142,1250000.0,path,17
Improved_Cultivar,83.91525943132594,812764.8358708118,path,17
Improved_Cultivar,96.77252353112848,489469.1713396467,path,17
Improved_Cultivar,111.59974209752441,296029.0100961241,path,17
Improved_Cultivar,128.6987461087316,180519.91289145785,path,17
Improved_Cultivar,148.41761225115934,111678.6508809254,path,17
Improved_Cultivar,171.15774855898925,70539.54519766776,path,17
Improved_Cultivar,197.3820656958677,45771.940586567216,path,17
Improved_Cultivar,227.62440021779375,30457.354322363855,path,17
Improved_Cultivar,262.50038164229767,20517.608067044705,path,17
Improved_Cultivar,302.71996453992375,13802.716927662148,path,17
Improved_Cultivar,349.10188075812874,9153.447202826193,path,17
Improved_Cultivar,402.59030597497906,6087.227417175719,path,17
Improved_Cultivar,464.27407985613706,4298.18504095421,path,17
Improved_Cultivar,535.4088710711763,3421.394033797501,path,17
Improved_Cultivar,617.4427383724257,3259.3405428073206,path,17
Improved_Cultivar,712.0456080716655,3735.7239553736954,path,17
Improved_Cultivar,821.1432679743218,4524.898917299534,path,17
Improved_Cultivar,946.9565697702949,4983.895990299479,path,17
Improved_Cultivar,1092.046637906756,4295.2847583659795,path,17
Improved_Cultivar,1259.3670052394612,2492.382948812558,path,17
Improved_Cultivar,1452.3237367644624,1560.0551341685004,path,17
Improved_Cultivar,1515.2878614383771,1560.0551341685004,path,17
Landrace_B,0.0,119307.71268729932,path,18
Landrace_B,106.92854893554868,119307.71268729932,path,18
Landrace_B,115.21123802142505,119155.98665041468,path,18
Landrace_B,124.13550448935905,118649.67096403091,path,18
Landrace_B,133.75104494547708,117715.45242797311,path,18
Landrace_B,144.11140549672893,116286.58699177337,path,18
Landrace_B,155.2742799333541,114305.70999000379,path,18
Landrace_B,167.3018310085725,111727.81959561304,path,18
Landrace_B,180.26103660461087,108523.2424562121,path,18
Landrace_B,194.22406271276193,104680.05297755056,path,18
Landrace_B,209.26866530449078,100200.04131686667,path,18
Landrace_B,225.47862333149217,95101.88459064343,path,18
Landrace_B,242.9442052659468,89429.50415811205,path,18
Landrace_B,261.76267177900166,83252.29615921459,path,18
Landrace_B,282.0388173567426,76663.48142940136,path,18
Landrace_B,303.8855538697594,69776.79137208908,path,18
Landrace_B,327.4245393460297,62721.554574530026,path,18
Landrace_B,352.78685544857115,55648.83712690111,path,18
Landrace_B,380.11373743053633,48766.786005253605,path,18
Landrace_B,409.5573606326546,42257.79223641069,path,18
Landrace_B,441.28168790279335,36248.51080402215,path,18
Landrace_B,475.46338265666714,30814.867077117295,path,18
Landrace_B,512.2927926642594,25989.819285717702,path,18
Landrace_B,551.975010040378,21772.340612748816,path,18
Landrace_B,594.7310133421119,18136.435965832392,path,18
Landrace_B,640.7988981331982,15041.600990397863,path,18
Landrace_B,690.4352028679474,12449.276692259875,path,18
Landrace_B,743.9163374781822,10311.388753944508,path,18
Landrace_B,801.5401226185714,8570.952545808304,path,18
Landrace_B,863.6274481419584,7169.614621469989,path,18
Landrace_B,930.5240600402478,6052.478129078342,path,18
Landrace_B,1002.602485801793,5170.79408339337,path,18
Landrace_B,1080.2641089070348,4483.155043817054,path,18
Landrace_B,1163.9414040146435,3955.7485545880795,path,18
Landrace_B,1254.1003452852533,3562.114741127447,path,18
Landrace_B,1351.243001254043,3282.4562170692757,path,18
Landrace_B,1455.9103307022297,3097.368139530775,path,18
Landrace_B,1568.685195096869,2988.7686721291584,path,18
Landrace_B,1690.1956043743407,2944.837585882433,path,18
Landrace_B,1821.1182141423421,2958.4480051130345,path,18
Landrace_B,1962.1820937752648,3025.9661211784482,path,18
Landrace_B,2114.17278638637,3146.485157533112,path,18
Landrace_B,2277.936683285541,3321.335886492111,path,18
Landrace_B,2454.3857372827,3553.7704487509563,path,18
Landrace_B,2644.5025410838552,3848.7472112808905,path,18
Landrace_B,2849.345799059889,4212.761020419604,path,18
Landrace_B,3070.0562228587396,4653.670807483478,path,18
Landrace_B,3307.862883691907,5180.478459855363,path,18
Landrace_B,3564.0900566692985,5803.011650412422,path,18
Landrace_B,3840.1645952964773,6531.461152910838,path,18
Landrace_B,4137.623877200721,7375.722487974293,path,18
Landrace_B,4458.1243653332995,8344.495422300884,path,18
Landrace_B,4803.450832322786,9444.106265174787,path,18
Landrace_B,5175.526299347073,10677.040739609318,path,18
Landrace_B,5576.422744870771,12040.21282352425,path,18
Landrace_B,6008.372642881762,13523.049419673414,path,18
Landrace_B,6473.781394879985,15105.541320136237,path,18
Landrace_B,6975.240724848465,16756.49249966582,path,18
Landrace_B,7515.543111799268,18432.28104541564,path,18
Landrace_B,8097.697340264983,20077.050676898703,path,18
Landrace_B,8724.945255331795,21644.767991077286,path,18
Landrace_B,9400.779815517999,23114.907852388078,path,18
Landrace_B,10128.964544029095,24474.103810230437,path,18
Landrace_B,10913.554486707782,25714.969722760557,path,18
Landrace_B,11758.918793387531,26836.07600145979,path,18
Landrace_B,12669.765048398462,27841.65025449967,path,18
Landrace_B,13651.165485715164,28741.080217419083,path,18
Landrace_B,14708.585234730717,29548.302816264444,path,18
Landrace_B,15847.912753949331,30281.16116439563,path,18
Landrace_B,17075.492622073947,30960.80368894013,path,18
Landrace_B,18398.16086909245,31611.189078728385,path,18
Landrace_B,19823.2830441112,32258.749878212588,path,18
Landrace_B,21358.795231924236,32932.25852794129,path,18
Landrace_B,23013.248246727228,33662.93429493387,path,18
Landrace_B,24795.855249078137,34484.82936320318,path,18
Landrace_B,26716.543051269306,35435.538764470846,path,18
Landrace_B,28786.007396815334,36557.293384239456,path,18
Landrace_B,31015.772521892177,37898.520085398835,path,18
Landrace_B,33418.25533040708,39515.99121027327,path,18
Landrace_B,36006.83454007191,41471.89334387404,path,18
Landrace_B,38795.92518453367,43795.02522515312,path,18
Landrace_B,41801.05888644239,46497.433526047935,path,18
Landrace_B,45038.97034847392,49591.66079577942,path,18
Landrace_B,48527.69054395012,53089.17521350704,path,18
Landrace_B,52286.647126007796,56998.46292530194,path,18
Landrace_B,56336.77261446542,61322.85081706614,path,18
Landrace_B,60700.62096284793,66058.04864470605,path,18
Landrace_B,65402.49315469759,71189.43433627734,path,18
Landrace_B,70468.5725285796,76689.15047989582,path,18
Landrace_B,75927.0705853667,82513.13360326314,path,18
Landrace_B,81808.38408976149,88598.25921472344,path,18
Landrace_B,88145.26434090818,94859.85084247106,path,18
Landrace_B,94972.99955471132,101189.86391466709,path,18
Landrace_B,102329.61137349597,107456.10582833942,path,18
Landrace_B,110256.06659731177,113502.87992190584,path,18
Landrace_B,118796.50531595222,119153.42961139731,path,18
Landrace_B,127998.48671208782,124214.49611884779,path,18
Landrace_B,137913.25390431748,128483.17821706017,path,18
Landrace_B,148596.01930497307,131756.09051309043,path,18
Landrace_B,160106.2720817486,133840.56288194327,path,18
Landrace_B,172508.10943531792,134567.32527234877,path,18
Wild,0.0,45536.85965919197,path,19
Wild,1.6571214215755663,45536.85965919197,path,19
Wild,1.8740502464769044,45530.04774030555,path,19
Wild,2.1193765771134205,45510.101049016695,path,19
Wild,2.396817846299059,45477.76075965328,path,19
Wild,2.710578124894613,45433.776518515624,path,19
Wild,3.0654118261436114,45378.904497492,path,19
Wild,3.4666957493529043,45313.905560627165,path,19
Wild,3.9205105545966705,45239.543547614616,path,19
Wild,4.4337329030310615,45156.58367738933,path,19
Wild,5.014139659022699,45065.79107425206,path,19
Wild,5.670525733067182,44967.929418260086,path,19
Wild,6.412837351172692,44863.75972097842,path,19
Wild,7.252322770141348,44754.03922709753,path,19
Wild,8.201702722538663,44639.520441893415,path,19
Wild,9.275363174105818,44520.95028403238,path,19
Wild,10.489573314470096,44399.06936280681,path,19
Wild,11.862732084369364,44274.61137852952,path,19
Wild,13.415646975020495,44148.30264451311,path,19
Wild,15.171849324281885,44020.86172881545,path,19
Wild,17.15795088729674,43892.99921374255,path,19
Wild,19.404047084736078,43765.41757096517,path,19
Wild,21.944173039067106,43638.811150022375,path,19
Wild,24.8168193091699,43513.8662779555,path,19
Wild,28.06551513823505,43391.26146783446,path,19
Wild,31.73948805290506,43271.6677340073,path,19
Wild,35.894409808572426,43155.7490120197,path,19
Wild,40.59323998415325,43044.16268131223,path,19
Wild,45.907180009337345,42937.56018901068,path,19
Wild,51.9167520807015,42836.5877733752,path,19
Wild,58.713019315514444,42741.887285767385,path,19
Wild,66.39896563223904,42654.0971103309,path,19
Wild,75.09105626707675,42573.85318095959,path,19
Wild,84.92100257308103,42501.79009554712,path,19
Wild,96.03775784386066,42438.54232797541,path,19
Wild,108.6097744046145,42384.7398956299,path,19
Wild,122.82755617222416,42337.08325315912,path,19
Wild,138.9065453633784,42281.497948675256,path,19
Wild,157.09038709305224,42202.15289618971,path,19
Wild,177.65462133183948,42083.36434832895,path,19
Wild,200.910858166414,41912.5797492174,path,19
Wild,227.21149963088888,41724.10967317952,path,19
Wild,256.95507965904187,41589.46406310197,path,19
Wild,290.5923030737678,41580.4710926514,path,19
Wild,328.6328751226346,41769.72332109536,path,19
Wild,371.6532250475788,42184.9130605596,path,19
Wild,420.30524072408207,42637.54327034892,path,19
Wild,475.3261467259247,42870.033920230155,path,19
Wild,537.5496754979433,42621.55323761908,path,19
Wild,607.9187009137119,41649.14061481908,path,19
Wild,687.4995256545897,39938.44977702431,path,19
Wild,777.4980389069732,38077.64952346702,path,19
Wild,879.2779892155178,36681.85906422523,path,19
Wild,994.3816493810957,36286.35359763036,path,19
Wild,1124.553186538947,37458.86471068603,path,19
Wild,1271.7650915440777,41010.37050761882,path,19
Wild,1438.2480681487107,48237.67711745007,path,19
Wild,1626.5248348828445,60361.651843748616,path,19
Wild,1839.44835183823,78783.09921584325,path,19
Wild,2080.245051606663,105147.64553513529,path,19
Wild,2352.5637294515273,140688.27985223697,path,19
Wild,2660.530833545931,185014.3837971582,path,19
Wild,3008.812993091098,234444.26017727872,path,19
Wild,3402.6877318043025,280645.1768441055,path,19
Wild,3848.1234382986995,311140.6531262902,path,19
Wild,4351.869805147152,313209.1662212693,path,19
Wild,4921.560107054299,280664.8504682396,path,19
Wild,5565.826867959192,219490.02022085633,path,19
Wild,6294.432669773469,146862.8832108603,path,19
Wild,7118.418084901532,82428.45721424109,path,19
Wild,8050.268974165839,38085.73137327159,path,19
Wild,8755.278592414965,38085.73137327159,path,19
